t,v
0,2.5
0.1,2.6248959373947
0.2,2.74916998656239
0.3,2.872212584058295
0.4,2.99343830056226
0.5,3.112296656009273
0.6000000000000001,3.228281531128978
0.7000000000000001,3.340938860840831
0.8,3.449872405638063
0.9,3.55474751312502
1,3.655292893150025
1.1,3.751300527975589
1.2,3.842623917495089
1.3,3.929174915212794
1.4,4.01091944279291
1.5,4.087872380968219
1.6,4.160091925669623
1.7,4.227673674582327
1.8,4.290744675497562
1.9,4.349457628185012
2,4.403985389889413
2.1,4.454515894021936
2.2,4.501247554401576
2.3,4.544385194925721
2.4,4.58413651753039
2.5,4.620709099893785
2.6,4.654307898283268
2.7,4.68513321971502
2.8,4.713379120505659
2.9,4.739232184607914
3,4.76287063411217
3.1,4.784463725294573
3.2,4.804171386016182
3.3,4.822144053636824
3.4,4.838522676507752
3.5,4.853438846243224
3.6,4.867015032115676
3.7,4.87936489291166
3.8,4.890593645319354
3.9,4.900798471329621
4,4.910068950189551
4.100000000000001,4.918487503142805
4.2,4.926129841533646
4.3,4.933065410861687
4.4,4.939357825078641
4.5,4.945065286847049
4.600000000000001,4.950240990665494
4.7,4.954933506735777
4.800000000000001,4.959187144234219
4.9,4.963042293278611
5,4.966535745378599
5.100000000000001,4.969700992542105
5.2,4.972568505502776
5.300000000000001,4.975165991749746
5.4,4.977518634195329
5.5,4.979649311420558
5.600000000000001,4.981578800502862
5.7,4.983325963462979
5.800000000000001,4.98490791837651
5.9,4.986340196185002
6,4.987636884216889
6.100000000000001,4.988810757393687
6.2,4.989873398054827
6.300000000000001,4.990835305287621
6.4,4.991705994599221
6.5,4.992494088716418
6.600000000000001,4.99320740024797
6.7,4.993853006893739
6.800000000000001,4.994437319835838
6.9,4.994966145899726
7,4.995444744028168
7.100000000000001,4.995877876568197
7.2,4.996269855831025
7.300000000000001,4.996624586347067
7.4,4.996945603203082
7.5,4.997236106815663
7.600000000000001,4.997498994464912
7.7,4.99773688888414
7.800000000000001,4.997952164175449
7.9,4.998146969297287
8,4.998323249348131
8.1,4.998482764850367
8.200000000000001,4.998627109220058
8.300000000000001,4.998757724591427
8.4,4.998875916149523
8.5,4.998982865110487
8.6,4.999079640476027
8.700000000000001,4.999167209677045
8.800000000000001,4.999246448210732
8.9,4.999318148365741
9,4.999383027121327
9.1,4.999441733298243
9.200000000000001,4.999494854031998
9.300000000000001,4.999542920632437
9.4,4.999586413887619
9.5,4.999625768864521
9.600000000000001,4.999661379254194
9.700000000000001,4.99969360130445
9.800000000000001,4.999722757379186
9.9,4.999749139179675
10,4.999773010659908
10.1,4.999794610664956
10.2,4.999814155318663
10.3,4.999831840184423
10.4,4.999847842220598
10.5,4.999862321550065
10.6,4.999875423061535
10.7,4.999887277858635
10.8,4.999898004571212
10.9,4.999907710541934
11,4.999916492900057
11.1,4.99992443953307
11.2,4.999931629965931
11.3,4.999938136156676
11.4,4.999944023216344
11.5,4.999949350060423
11.6,4.999954169998341
11.7,4.999958531266851
11.8,4.999962477512703
11.9,4.999966048229375
12,4.99996927915226
12.1,4.99997220261626
12.2,4.999974847879356
12.3,4.999977241415388
12.4,4.999979407178974
12.5,4.999981366845243
12.6,4.999983140026727
12.7,4.999984744469645
12.8,4.999986196231489
12.9,4.999987509841726
13,4.999988698447202
13.1,4.999989773943708
13.2,4.999990747095036
13.3,4.999991627640697
13.4,4.999992424393394
13.5,4.99999314532722
13.6,4.999993797657459
13.7,4.999994387912802
13.8,4.999994922000679
13.9,4.999995405266389
14,4.999995842546586
14.1,4.999996238217697
14.2,4.999996596239711
14.3,4.999996920195819
14.4,4.999997213328268
14.5,4.999997478570815
14.6,4.999997718578091
14.7,4.999997935752162
14.8,4.999998132266572
14.9,4.999998310088098
15,4.999998470996434
15.1,4.999998616602005
15.2,4.999998748362074
15.3,4.99999886759534
15.4,4.999998975495128
15.5,4.999999073141332
15.6,4.999999161511227
15.7,4.999999241489251
15.8,4.999999313875847
15.9,4.999999379395486
16,4.999999438703907
16.1,4.99999949239469
16.2,4.999999541005191
16.3,4.999999585021917
16.4,4.999999624885407
16.5,4.999999660994622
16.6,4.999999693710961
16.7,4.999999723361854
16.8,4.999999750244061
16.9,4.999999774626628
17,4.999999796753581
17.1,4.999999816846377
17.2,4.999999835106109
17.3,4.999999851715529
17.4,4.999999866840868
17.5,4.999999880633506
17.6,4.999999893231484
17.7,4.999999904760887
17.8,4.999999915337104
17.9,4.999999925065988
18,4.999999934044906
18.1,4.999999942363724
18.2,4.999999950105698
18.3,4.999999957348312
18.4,4.999999964164057
18.5,4.999999970621142
18.6,4.999999976784193
18.7,4.999999982714892
18.8,4.999999988472597
18.9,4.999999994114932
19,4.999999999698367
19.1,5.000000005278783
19.2,5.00000001091203
19.3,5.00000001665449
19.4,5.000000022563633
19.5,5.0000000286986
19.6,5.000000035120792
19.7,5.000000041894485
19.8,5.000000049087473
19.9,5.000000056771743
20,5.000000065024204
20.1,5.000000073927451
20.2,5.000000083570586
20.3,5.000000094050126
20.4,5.000000105470949
20.5,5.000000117947362
20.6,5.000000131604232
20.7,5.00000014657824
20.8,5.000000163019252
20.9,5.000000181091816
21,5.000000200976807
21.1,5.000000222873241
21.2,5.000000247000265
21.3,5.000000273599349
21.4,5.000000302936708
21.5,5.000000335305959
21.6,5.000000371031062
21.7,5.000000410469568
21.8,5.000000454016189
21.9,5.000000502106755
22,5.000000555222571
22.1,5.00000061389524
22.2,5.000000678711972
22.3,5.000000750321479
22.4,5.00000082944045
22.5,5.000000916860731
22.6,5.000001013457256
22.7,5.00000112019679
22.8,5.000001238147619
22.9,5.000001368490229
23,5.000001512529131
23.1,5.00000167170591
23.2,5.000001847613654
23.3,5.000002042012904
23.4,5.000002256849262
23.5,5.000002494272875
23.6,5.000002756659948
23.7,5.000003046636524
23.8,5.000003367104768
23.9,5.000003721272015
24,5.000004112682864
24.1,5.000004545254655
24.2,5.000005023316676
24.3,5.000005551653484
24.4,5.000006135552797
24.5,5.000006780858407
24.6,5.000007494028665
24.7,5.000008282201117
24.8,5.000009153263933
24.9,5.000010115934848
25,5.000011179848413
25.1,5.000012355652403
25.2,5.000013655114382
25.3,5.000015091239463
25.4,5.000016678400454
25.5,5.000018432481689
25.6,5.000020371037985
25.7,5.000022513470308
25.8,5.00002488121992
25.9,5.000027497982928
26,5.000030389947398
26.1,5.000033586055401
26.2,5.000037118292609
26.3,5.00004102200833
26.4,5.000045336269199
26.5,5.00005010425005
26.6,5.000055373665867
26.7,5.000061197249154
26.8,5.000067633277473
26.9,5.000074746156432
27,5.000082607063946
27.1,5.000091294662198
27.2,5.000100895884422
27.3,5.000111506804346
27.4,5.000123233596995
27.5,5.000136193600408
27.6,5.000150516488895
27.7,5.000166345569502
27.8,5.000183839214627
27.9,5.00020317244504
28,5.000224538679075
28.1,5.000248151665427
28.2,5.000274247618726
28.3,5.000303087579161
28.4,5.000334960019571
28.5,5.000370183725861
28.6,5.000409110979342
28.7,5.000452131072463
28.8,5.000499674192779
28.9,5.000552215713485
29,5.000610280932894
29.1,5.000674450309549
29.2,5.000745365244477
29.3,5.000823734467362
29.4,5.000910341089234
29.5,5.001006050390628
29.6,5.001111818421181
29.7,5.001228701494327
29.8,5.001357866669149
29.9,5.001500603320721
30,5.001658335910304
30.1,5.001832638077881
30.2,5.002025248191516
30.3,5.002238086501164
30.4,5.002473274058882
30.5,5.002733153582918
30.6,5.00302031246
30.7,5.00333760809835
30.8,5.003688195863623
30.9,5.004075559851096
31,5.004503546770039
31.1,5.004976403240367
31.2,5.005498816827338
31.3,5.006075961167022
31.4,5.006713545563714
31.5,5.0074178694698
31.6,5.008195882288939
31.7,5.00905524897404
31.8,5.010004421922162
31.9,5.011052719698238
32,5.012210413147625
32.1,5.013488819482766
32.2,5.014900404950119
32.3,5.016458896698305
32.4,5.018179404474711
32.5,5.020078552772816
32.6,5.022174624032811
32.7,5.024487713459449
32.8,5.027039895958515
32.9,5.029855405600687
33,5.032960827891756
33.1,5.036385304952802
33.2,5.040160753482976
33.3,5.044322095079802
33.4,5.048907498114308
33.5,5.05395862988626
33.6,5.059520917202219
33.7,5.065643812808381
33.8,5.072381064252999
33.9,5.079790980730587
34,5.08793669225406
34.1,5.096886394095343
34.2,5.106713567817903
34.3,5.117497168390288
34.4,5.129321764823253
34.5,5.142277619532695
34.6,5.156460689235249
34.7,5.171972527696602
34.8,5.188920068170987
34.9,5.207415261030037
35,5.227574540063727
35.1,5.249518089481764
35.2,5.273368883044568
35.3,5.299251467359055
35.4,5.327290463586837
35.5,5.357608766066351
35.6,5.390325423088992
35.7,5.425553194701464
35.8,5.463395795250605
35.9,5.503944844598225
36,5.547276571419069
36.1,5.593448334324254
36.2,5.642495050872324
36.3,5.694425649502948
36.4,5.749219683214646
36.5,5.806824264109984
36.6,5.867151492124988
36.7,5.930076556617164
36.8,5.995436683495504
36.9,6.063031081322612
37,6.132622006394437
37.1,6.203937019662645
37.2,6.276672449565025
37.3,6.350498008062569
37.4,6.425062437563179
37.5,6.5
37.6,6.574937562436821
37.7,6.649501991937436
37.8,6.723327550434981
37.9,6.796062980337355
38,6.867377993605563
38.1,6.936968918677386
38.2,7.004563316504499
38.3,7.069923443382839
38.40000000000001,7.132848507875015
38.5,7.193175735890014
38.6,7.250780316785353
38.7,7.305574350497054
38.8,7.357504949127677
38.90000000000001,7.406551665675747
39,7.452723428580931
39.1,7.496055155401772
39.2,7.536604204749395
39.3,7.574446805298536
39.40000000000001,7.609674576911006
39.5,7.642391233933646
39.6,7.67270953641316
39.7,7.700748532640943
39.8,7.72663111695543
39.90000000000001,7.750481910518231
40,7.772425459936266
40.1,7.792584738969956
40.2,7.811079931829008
40.3,7.82802747230339
40.40000000000001,7.843539310764743
40.5,7.857722380467294
40.6,7.870678235176737
40.7,7.882502831609701
40.8,7.893286432182085
40.90000000000001,7.903113605904641
41,7.912063307745922
41.1,7.920209019269393
41.2,7.927618935746982
41.3,7.934356187191598
41.40000000000001,7.940479082797755
41.5,7.946041370113711
41.6,7.951092501885661
41.7,7.955677904920164
41.8,7.959839246516988
41.90000000000001,7.963614695047156
42,7.967039172108198
42.1,7.970144594399261
42.2,7.972960104041428
42.3,7.975512286540489
42.40000000000001,7.97782537596712
42.5,7.979921447227107
42.6,7.981820595525205
42.7,7.983541103301602
42.8,7.985099595049777
42.90000000000001,7.986511180517119
43,7.987789586852249
43.1,7.988947280301622
43.2,7.989995578077683
43.3,7.99094475102579
43.40000000000001,7.991804117710872
43.5,7.992582130529991
43.6,7.993286454436055
43.7,7.993924038832722
43.8,7.994501183172381
43.90000000000001,7.995023596759322
44,7.995496453229617
44.1,7.995924440148523
44.2,7.996311804135957
44.3,7.996662391901187
44.40000000000001,7.996979687539487
44.5,7.997266846416514
44.6,7.997526725940491
44.7,7.997761913498143
44.8,7.997974751807718
44.90000000000001,7.998167361921273
45,7.998341664088762
45.1,7.998499396678245
45.2,7.998642133329708
45.3,7.99877129850441
45.40000000000001,7.998888181577422
45.5,7.998993949607829
45.6,7.99908965890906
45.7,7.999176265530753
45.8,7.999254634753441
45.90000000000001,7.999325549688149
46,7.999389719064562
46.1,7.999447784283704
46.2,7.999500325804115
46.3,7.999547868924104
46.40000000000001,7.999590889016864
46.5,7.999629816269944
46.6,7.999665039975794
46.7,7.999696912415716
46.8,7.999725752375613
46.90000000000001,7.999751848328318
47,7.999775461314012
47.1,7.999796827547319
47.2,7.999816160776927
47.3,7.999833654421165
47.40000000000001,7.999849483500791
47.5,7.999863806388192
47.6,7.999876766390406
47.7,7.99988849318173
47.8,7.99989910410019
47.90000000000001,7.999908705320795
48,7.999917392917259
48.1,7.999925253822795
48.2,7.999932366699571
48.3,7.999938802725475
48.40000000000001,7.999944626306093
48.5,7.999949895718962
48.6,7.999954663696554
48.7,7.999958977953821
48.8,7.999962881665562
48.90000000000001,7.999966413898369
49,7.999969610001512
49.1,7.99997250196061
49.2,7.999975118717677
49.3,7.999977486460725
49.40000000000001,7.999979628885797
49.5,7.999981567434076
49.6,7.999983321506453
49.7,7.999984908657653
49.8,7.999986344771913
49.90000000000001,7.999987644221934
50,7.999988820012709
50.1,7.999989883911666
50.2,7.99999084656644
50.3,7.999991717611415
50.40000000000001,7.999992505764151
50.5,7.999993218912619
50.6,7.999993864194148
50.7,7.999994448066847
50.8,7.999994976374243
50.90000000000001,7.999995454403757
51,7.999995886939622
51.1,7.999996278310768
51.2,7.999996632434137
51.3,7.999996952853886
51.40000000000001,7.999997242776868
51.5,7.99999750510471
51.6,7.999997742462863
51.7,7.999997957226879
51.8,7.999998151546174
51.90000000000001,7.999998327365557
52,7.999998486444682
52.1,7.999998630375658
52.2,7.999998760598992
52.3,7.999998878418001
52.40000000000001,7.999998985011851
52.5,7.99999908144737
52.6,7.999999168689715
52.7,7.999999247612032
52.8,7.999999319004204
52.90000000000001,7.999999383580747
53,7.999999441987961
53.1,7.999999494810406
53.2,7.999999542576746
53.3,7.999999585765044
53.40000000000001,7.999999624807542
53.5,7.999999660094986
53.6,7.999999691980548
53.7,7.999999720783351
53.8,7.999999746791659
53.90000000000001,7.999999770265775
54,7.999999791440633
54.1,7.999999810528158
54.2,7.999999827719387
54.3,7.999999843186375
54.40000000000001,7.999999857083917
54.5,7.999999869551109
54.6,7.999999880712725
54.7,7.999999890680473
54.8,7.999999899554115
54.90000000000001,7.999999907422461
55,7.999999914364259
55.1,7.999999920448986
55.2,7.999999925737541
55.3,7.999999930282852
55.40000000000001,7.999999934130409
55.5,7.999999937318722
55.6,7.9999999398797
55.7,7.999999941838974
55.8,7.999999943216152
55.90000000000001,7.999999944025018
56,7.999999944273669
56.1,7.999999943964592
56.2,7.999999943094693
56.3,7.999999941655267
56.40000000000001,7.999999939631906
56.5,7.999999937004363
56.6,7.999999933746337
56.7,7.999999929825224
56.8,7.999999925201775
56.90000000000001,7.999999919829723
57,7.999999913655299
57.1,7.999999906616708
57.2,7.999999898643507
57.3,7.999999889655895
57.40000000000001,7.999999879563922
57.5,7.999999868266585
57.6,7.999999855650815
57.7,7.99999984159035
57.8,7.999999825944469
57.90000000000001,7.999999808556582
58,7.999999789252664
58.1,7.999999767839516
58.2,7.99999974410283
58.3,7.999999717805037
58.40000000000001,7.999999688682944
58.5,7.999999656445086
58.6,7.999999620768816
58.7,7.999999581297073
58.8,7.999999537634811
58.90000000000001,7.999999489345044
59,7.999999435944474
59.1,7.999999376898646
59.2,7.999999311616614
59.3,7.999999239445012
59.40000000000001,7.999999159661525
59.5,7.999999071467651
59.6,7.999998973980718
59.7,7.999998866225046
59.8,7.999998747122181
59.90000000000001,7.999998615480103
60,7.999998469981296
60.1,7.999998309169562
60.2,7.999998131435445
60.3,7.999997935000128
60.40000000000001,7.999997717897624
60.5,7.999997477955102
60.6,7.999997212771148
60.7,7.999996919691715
60.8,7.99999659578358
60.90000000000001,7.999996237804972
61,7.999995842173138
61.1,7.999995404928478
61.2,7.999994921694926
61.3,7.999994387636145
61.40000000000001,7.999993797407129
61.5,7.999993145100713
61.6,7.999992424188441
61.7,7.999991627455248
61.8,7.999990746927235
61.90000000000001,7.999989773791876
62,7.999988698309819
62.1,7.999987509717418
62.2,7.999986196119009
62.3,7.999984744367867
62.40000000000001,7.999983139934636
62.5,7.999981366761914
62.6,7.999979407103576
62.7,7.999977241347165
62.8,7.999974847817626
62.90000000000001,7.999972202560404
63,7.999969279101719
63.1,7.999966048183644
63.2,7.999962477471326
63.3,7.999958531229409
63.40000000000001,7.999954169964461
63.5,7.99994935002977
63.6,7.999944023188606
63.7,7.99993813613158
63.8,7.999931629943222
63.90000000000001,7.999924439512521
64,7.999916492881463
64.10000000000001,7.999907710525109
64.2,7.999898004555988
64.3,7.999887277844861
64.40000000000001,7.999875423049072
64.5,7.999862321538789
64.60000000000001,7.999847842210396
64.7,7.99983184017519
64.8,7.999814155310308
64.90000000000001,7.999794610657396
65,7.999773010653068
65.10000000000001,7.999749139173487
65.2,7.999722757373586
65.3,7.999693601299384
65.40000000000001,7.99966137924961
65.5,7.999625768860372
65.60000000000001,7.999586413883864
65.7,7.999542920629041
65.8,7.999494854028924
65.90000000000001,7.999441733295463
66,7.999383027118811
66.10000000000001,7.999318148363463
66.2,7.999246448208671
66.3,7.999167209675182
66.40000000000001,7.999079640474339
66.5,7.99898286510896
66.60000000000001,7.998875916148142
66.7,7.998757724590178
66.8,7.998627109218928
66.90000000000001,7.998482764849344
67,7.998323249347205
67.10000000000001,7.998146969296449
67.2,7.997952164174691
67.3,7.997736888883455
67.40000000000001,7.997498994464292
67.5,7.997236106815102
67.60000000000001,7.996945603202574
67.7,7.996624586346607
67.8,7.996269855830609
67.90000000000001,7.99587787656782
68,7.995444744027826
68.10000000000001,7.994966145899418
68.2,7.994437319835559
68.3,7.993853006893487
68.40000000000001,7.993207400247742
68.5,7.992494088716212
68.60000000000001,7.991705994599035
68.7,7.990835305287452
68.8,7.989873398054674
68.90000000000001,7.988810757393549
69,7.987636884216764
69.10000000000001,7.986340196184888
69.2,7.984907918376407
69.3,7.983325963462887
69.40000000000001,7.981578800502779
69.5,7.979649311420483
69.60000000000001,7.977518634195259
69.7,7.975165991749684
69.8,7.97256850550272
69.90000000000001,7.969700992542054
70,7.966535745378553
70.10000000000001,7.963042293278569
70.2,7.959187144234182
70.3,7.954933506735744
70.40000000000001,7.950240990665463
70.5,7.94506528684702
70.60000000000001,7.939357825078615
70.7,7.933065410861666
70.8,7.926129841533625
70.90000000000001,7.918487503142786
71,7.910068950189533
71.10000000000001,7.900798471329604
71.2,7.89059364531934
71.3,7.879364892911649
71.40000000000001,7.867015032115665
71.5,7.853438846243213
71.60000000000001,7.838522676507742
71.7,7.822144053636815
71.8,7.804171386016175
71.90000000000001,7.784463725294565
72,7.762870634112162
72.10000000000001,7.739232184607906
72.2,7.713379120505653
72.3,7.685133219715016
72.40000000000001,7.654307898283262
72.5,7.62070909989378
72.60000000000001,7.584136517530383
72.7,7.544385194925717
72.8,7.501247554401574
72.90000000000001,7.454515894021931
73,7.40398538988941
73.10000000000001,7.349457628185004
73.2,7.290744675497559
73.3,7.227673674582328
73.40000000000001,7.160091925669619
73.5,7.087872380968218
73.60000000000001,7.010919442792902
73.7,6.929174915212791
73.8,6.842623917495091
73.90000000000001,6.751300527975583
74,6.655292893150024
74.10000000000001,6.554747513125011
74.2,6.449872405638059
74.3,6.340938860840834
74.40000000000001,6.228281531128971
74.5,6.112296656009272
74.60000000000001,5.99343830056225
74.7,5.872212584058291
74.8,5.749169986562393
74.90000000000001,5.624895937394693
75,5.5
75.10000000000001,5.375104062605289
75.2,5.250830013437607
75.3,5.12778741594171
75.40000000000001,5.006561699437734
75.5,4.887703343990728
75.60000000000001,4.771718468871014
75.7,4.659061139159167
75.8,4.550127594361942
75.90000000000001,4.445252486874975
76,4.344707106849977
76.10000000000001,4.248699472024405
76.2,4.15737608250491
76.3,4.07082508478721
76.40000000000001,3.989080557207088
76.5,3.912127619031784
76.60000000000001,3.839908074330373
76.7,3.772326325417673
76.80000000000001,3.709255324502434
76.90000000000001,3.650542371814988
77,3.596014610110591
77.10000000000001,3.545484105978063
77.2,3.498752445598428
77.30000000000001,3.45561480507428
77.40000000000001,3.415863482469614
77.5,3.379290900106222
77.60000000000001,3.345692101716736
77.7,3.314866780284986
77.80000000000001,3.286620879494346
77.90000000000001,3.260767815392094
78,3.23712936588784
78.10000000000001,3.215536274705436
78.2,3.195828613983831
78.30000000000001,3.177855946363189
78.40000000000001,3.161477323492263
78.5,3.146561153756794
78.60000000000001,3.132984967884342
78.7,3.120635107088361
78.80000000000001,3.109406354680668
78.90000000000001,3.099201528670405
79,3.089931049810478
79.10000000000001,3.081512496857226
79.2,3.073870158466389
79.30000000000001,3.066934589138349
79.40000000000001,3.060642174921401
79.5,3.054934713152998
79.60000000000001,3.049759009334557
79.7,3.045066493264279
79.80000000000001,3.040812855765843
79.90000000000001,3.036957706721458
80,3.033464254621478
80.10000000000001,3.030299007457979
80.2,3.027431494497317
80.30000000000001,3.024834008250357
80.40000000000001,3.022481365804786
80.5,3.020350688579569
80.60000000000001,3.018421199497278
80.7,3.016674036537175
80.80000000000001,3.015092081623661
80.90000000000001,3.013659803815187
81,3.01236311578332
81.10000000000001,3.011189242606543
81.2,3.010126601945428
81.30000000000001,3.009164694712661
81.40000000000001,3.00829400540109
81.5,3.007505911283926
81.60000000000001,3.006792599752411
81.7,3.006146993106681
81.80000000000001,3.005562680164626
81.90000000000001,3.005033854100787
82,3.0045552559724
82.10000000000001,3.004122123432431
82.2,3.003730144169669
82.30000000000001,3.0033754136537
82.40000000000001,3.003054396797765
82.5,3.002763893185273
82.60000000000001,3.002501005536121
82.7,3.002263111117003
82.80000000000001,3.002047835825814
82.90000000000001,3.001853030704109
83,3.001676750653412
83.10000000000001,3.001517235151338
83.2,3.001372890781826
83.30000000000001,3.001242275410655
83.40000000000001,3.001124083852778
83.5,3.001017134892056
83.60000000000001,3.000920359526785
83.7,3.000832790326061
83.80000000000001,3.000753551792702
83.90000000000001,3.000681851638054
84,3.000616972882867
84.10000000000001,3.000558266706392
84.2,3.000505145973124
84.30000000000001,3.000457079373224
84.40000000000001,3.000413586118637
84.5,3.000374231142393
84.60000000000001,3.000338620753447
84.7,3.000306398703995
84.80000000000001,3.000277242630148
84.90000000000001,3.00025086083064
85,3.000226989351492
85.10000000000001,3.000205389347643
85.2,3.000185844695261
85.30000000000001,3.000168159830966
85.40000000000001,3.000152157796408
85.5,3.00013767846873
85.60000000000001,3.000124576959237
85.7,3.000112722164322
85.80000000000001,3.000101995454159
85.90000000000001,3.000092289486105
86,3.000083507130932
86.10000000000001,3.000075560501178
86.2,3.000068370071918
86.30000000000001,3.000061863885153
86.40000000000001,3.000055976829886
86.5,3.000050649990668
86.60000000000001,3.000045830058124
86.7,3.000041468795552
86.80000000000001,3.000037522556262
86.90000000000001,3.000033951846843
87,3.000030720931975
87.10000000000001,3.000027797476833
87.2,3.000025152223528
87.30000000000001,3.000022758698317
87.40000000000001,3.000020592946689
87.5,3.000018633293636
87.60000000000001,3.000016860126758
87.7,3.000015255699983
87.80000000000001,3.000013803955979
87.90000000000001,3.000012490365457
88,3.000011301781771
88.10000000000001,3.000010226309346
88.2,3.000009253184633
88.30000000000001,3.000008372668385
88.40000000000001,3.000007575948194
88.5,3.000006855050294
88.60000000000001,3.000006202759757
88.7,3.000005612548293
88.80000000000001,3.00000507850891
88.90000000000001,3.000004595296796
89,3.000004158075829
89.10000000000001,3.000003762470178
89.2,3.000003404520507
89.30000000000001,3.000003080644353
89.40000000000001,3.000002787600266
89.5,3.000002522455372
89.60000000000001,3.000002282556022
89.7,3.000002065501227
89.80000000000001,3.000001869118637
89.90000000000001,3.000001691442795
90,3.000001530695463
90.10000000000001,3.000001385267832
90.2,3.000001253704415
90.30000000000001,3.000001134688483
90.40000000000001,3.000001027028888
90.5,3.000000929648137
90.60000000000001,3.000000841571611
90.7,3.000000761917813
90.80000000000001,3.000000689889541
90.90000000000001,3.000000624765912
91,3.000000565895149
91.10000000000001,3.000000512688052
91.2,3.000000464612108
91.30000000000001,3.000000421186158
91.40000000000001,3.000000381975577
91.5,3.000000346587938
91.60000000000001,3.000000314669065
91.7,3.000000285899506
91.80000000000001,3.000000259991324
91.90000000000001,3.000000236685224
92,3.000000215747948
92.10000000000001,3.000000196969949
92.2,3.000000180163292
92.30000000000001,3.000000165159769
92.40000000000001,3.000000151809221
92.5,3.000000139978031
92.60000000000001,3.000000129547787
92.7,3.000000120414101
92.80000000000001,3.00000011248556
92.90000000000001,3.000000105682811
93,3.000000099937772
93.10000000000001,3.000000095192944
93.2,3.000000091400839
93.30000000000001,3.000000088523505
93.40000000000001,3.000000086532142
93.5,3.000000085406823
93.60000000000001,3.000000085136284
93.7,3.000000085717817
93.80000000000001,3.000000087157244
93.90000000000001,3.000000089468969
94,3.000000092676129
94.10000000000001,3.000000096810823
94.2,3.000000101914433
94.30000000000001,3.000000108038036
94.40000000000001,3.000000115242921
94.5,3.000000123601196
94.60000000000001,3.000000133196512
94.7,3.000000144124904
94.80000000000001,3.000000156495746
94.90000000000001,3.000000170432851
95,3.000000186075705
95.10000000000001,3.000000203580865
95.2,3.000000223123534
95.30000000000001,3.000000244899296
95.40000000000001,3.000000269126092
95.5,3.000000296046393
95.60000000000001,3.000000325929625
95.7,3.000000359074869
95.80000000000001,3.000000395813855
95.90000000000001,3.000000436514279
96,3.000000481583484
96.10000000000001,3.000000531472537
96.2,3.000000586680744
96.30000000000001,3.000000647760649
96.40000000000001,3.000000715323557
96.5,3.000000790045661
96.60000000000001,3.000000872674808
96.7,3.000000964037971
96.80000000000001,3.000001065049547
96.90000000000001,3.000001176720493
97,3.000001300168447
97.10000000000001,3.000001436628916
97.2,3.000001587467642
97.30000000000001,3.000001754194266
97.40000000000001,3.000001938477443
97.5,3.000002142161537
97.60000000000001,3.000002367285085
97.7,3.000002616101194
97.80000000000001,3.000002891100092
97.90000000000001,3.000003195034056
98,3.000003530944951
98.10000000000001,3.000003902194676
98.2,3.000004312498813
98.30000000000001,3.000004765963806
98.40000000000001,3.000005267128069
98.5,3.000005821007401
98.60000000000001,3.000006433145185
98.7,3.000007109667872
98.80000000000001,3.000007857346286
98.90000000000001,3.000008683663396
99,3.000009596889205
99.10000000000001,3.000010606163509
99.2,3.000011721587379
99.30000000000001,3.000012954324245
99.40000000000001,3.000014316711618
99.5,3.000015822384571
99.60000000000001,3.000017486412191
99.7,3.000019325448385
99.80000000000001,3.000021357898555
99.90000000000001,3.000023604103789
100,3.000026086544429
100.1,3.000028830065046
100.2,3.000031862123066
100.3,3.000035213063555
100.4,3.000038916422882
100.5,3.000043009264333
100.6,3.000047532548996
100.7,3.000052531545662
100.8,3.000058056283819
100.9,3.000064162054271
101,3.000070909962411
101.1,3.000078367539651
101.2,3.000086609419135
101.3,3.000095718082517
101.4,3.000105784685211
101.5,3.000116909968431
101.6,3.000129205267089
101.7,3.000142793623644
101.8,3.000157811019032
101.9,3.000174407732962
102,3.0001927498472
102.1,3.000213020906807
102.2,3.000235423755964
102.3,3.000260182566683
102.4,3.000287545080652
102.5,3.000317785086617
102.6,3.000351205157943
102.7,3.000388139677726
102.8,3.000428958181538
102.9,3.000474069051159
103,3.000523923596031
103.1,3.00057902056309
103.2,3.000639911119796
103.3,3.000707204359916
103.4,3.000781573386724
103.5,3.000863762034001
103.6,3.000954592291454
103.7,3.001054972508134
103.8,3.001165906454995
103.9,3.001288503336149
104,3.001423988847658
104.1,3.001573717392784
104.2,3.001739185573916
104.3,3.001922047093652
104.4,3.002124129211055
104.5,3.002347450914037
104.6,3.002594242985083
104.7,3.002866970155534
104.8,3.003168355563256
104.9,3.003501407750074
105,3.003869450458932
105.1,3.004276155516464
105.2,3.004725579114813
105.3,3.005222201837203
105.4,3.005770972805101
105.5,3.006377358361089
105.6,3.007047395740856
105.7,3.007787752230254
105.8,3.008605790349152
105.9,3.009509639653193
106,3.010508275797331
106.1,3.011611607561377
106.2,3.012830572597591
106.3,3.014177242723477
106.4,3.01566493964905
106.5,3.017308362096547
106.6,3.019123725341172
106.7,3.021128914273044
106.8,3.023343651151971
106.9,3.025789679296122
107,3.028490964011336
107.1,3.031473912126646
107.2,3.034767611550451
107.3,3.038404092296199
107.4,3.042418610441131
107.5,3.046849956470033
107.6,3.051740789410009
107.7,3.057137998072151
107.8,3.063093090569964
107.9,3.069662613068356
108,3.076908598414176
108.1,3.084899044889942
108.2,3.093708424793673
108.3,3.10341822185293
108.4,3.114117495600103
108.5,3.125903469734655
108.6,3.138882140138557
108.7,3.153168896552924
108.8,3.168889149923696
108.9,3.186178955038072
109,3.205185615259503
109.1,3.226068252889164
109.2,3.24899832490846
109.3,3.27416005957736
109.4,3.30175078458761
109.5,3.331981112242973
109.6,3.365074941548932
109.7,3.401269231292087
109.8,3.440813492398984
109.9,3.483968942403434
110,3.531007260148709
110.1,3.582208875457465
110.2,3.637860727103996
110.3,3.698253423837805
110.4,3.763677748369296
110.5,3.834420454154825
110.6,3.910759320540993
110.7,3.992957454303418
110.8,4.081256855584754
110.9,4.175871304062535
111,4.276978666644496
111.1,4.384712780089938
111.2,4.499155118702094
111.3,4.620326515506892
111.4,4.748179260834185
111.5,4.882589949589967
111.6,5.023353481624985
111.7,5.170178632106718
111.8,5.322685594822855
111.9,5.480405856419441
112,5.642784681587019
112.1,5.80918637921285
112.2,5.978902382318392
112.3,6.151162018812674
112.4,6.325145687647429
112.5,6.499999999999999
112.6,6.674854312352594
112.7,6.84883798118735
112.8,7.021097617681631
112.9,7.190813620787172
113,7.357215318412981
113.1,7.519594143580582
113.2,7.677314405177166
113.3,7.829821367893303
113.4,7.976646518375035
113.5,8.117410050410031
113.6,8.251820739165831
113.7,8.379673484493125
113.8,8.500844881297922
113.9,8.615287219910078
114,8.723021333355502
114.1,8.824128695937478
114.2,8.918743144415256
114.3,9.007042545696592
114.4,9.089240679459017
114.5,9.165579545845173
114.6,9.236322251630712
114.7,9.3017465761622
114.8,9.362139272896007
114.9,9.417791124542541
115,9.468992739851288
115.1,9.516031057596567
115.2,9.559186507601019
115.3,9.598730768707915
115.4,9.634925058451069
115.5,9.668018887757022
115.6,9.698249215412389
115.7,9.725839940422636
115.8,9.751001675091537
115.9,9.773931747110831
116,9.794814384740487
116.1,9.813821044961921
116.2,9.831110850076294
116.3,9.846831103447064
116.4,9.861117859861434
116.5,9.87409653026533
116.6,9.885882504399881
116.7,9.896581778147054
116.8,9.906291575206311
116.9,9.915100955110038
117,9.923091401585802
117.1,9.930337386931619
117.2,9.936906909430007
117.3,9.94286200192782
117.4,9.948259210589958
117.5,9.953150043529931
117.6,9.957581389558827
117.7,9.961595907703755
117.8,9.9652323884495
117.9,9.968526087873297
118,9.971509035988602
118.1,9.97421032070381
118.2,9.976656348847952
118.3,9.978871085726871
118.4,9.980876274658733
118.5,9.982691637903347
118.6,9.984335060350837
118.7,9.985822757276395
118.8,9.987169427402268
118.9,9.988388392438468
119,9.989491724202496
119.1,9.990490360346618
119.2,9.991394209650638
119.3,9.992212247769512
119.4,9.992952604258887
119.5,9.993622641638627
119.6,9.994229027194585
119.7,9.994777798162451
119.8,9.995274420884806
119.9,9.995723844483113
120,9.996130549540599
120.1,9.996498592249409
120.2,9.996831644436174
120.3,9.997133029843836
120.4,9.997405757014217
120.5,9.997652549085192
120.6,9.997875870788093
120.7,9.998077952905406
120.8,9.998260814425041
120.9,9.998426282606065
121,9.998576011151069
121.1,9.998711496662443
121.2,9.998834093543453
121.3,9.99894502749015
121.4,9.99904540770665
121.5,9.999136237963901
121.6,9.999218426610959
121.7,9.999292795637523
121.8,9.999360088877372
121.9,9.999420979433783
122,9.999476076400512
122.1,9.999525930945021
122.2,9.999571041814239
122.3,9.999611860317607
122.4,9.999648794836899
122.5,9.999682214907683
122.6,9.999712454913046
122.7,9.999739817426356
122.8,9.999764576236339
122.9,9.999786979084689
123,9.999807250143402
123.1,9.999825592256652
123.2,9.99984218896949
123.3,9.99985720636367
123.4,9.999870794718891
123.5,9.999883090016075
123.6,9.999894215297667
123.7,9.999904281898559
123.8,9.99991339055995
123.9,9.999921632437234
124,9.999929090012042
124.1,9.999935837917498
124.2,9.999941943684979
124.3,9.999947468419855
124.4,9.999952467412895
124.5,9.999956990693549
124.6,9.999961083530572
124.7,9.999964786885004
124.8,9.999968137820082
124.9,9.999971169872122
125,9.999973913386132
125.1,9.999976395819468
125.2,9.999978642016632
125.3,9.999980674457881
125.4,9.999982513484216
125.5,9.99998417750094
125.6,9.999985683161855
125.7,9.999987045535921
125.8,9.99998827825808
125.9,9.999989393665697
126,9.999990402922039
126.1,9.999991316127996
126.2,9.999992142423167
126.3,9.999992890077333
126.4,9.999993566573224
126.5,9.999994178681391
126.6,9.999994732527993
126.7,9.999995233656085
126.8,9.999995687081102
126.9,9.999996097341057
127,9.999996468541955
127.1,9.999996804398888
127.2,9.999997108273215
127.3,9.999997383206203
127.4,9.999997631949469
127.5,9.999997856992513
127.6,9.99999806058764
127.7,9.999998244772488
127.8,9.999998411390447
127.9,9.999998562109077
128,9.999998698436819
128.1,9.999998821738087
128.2,9.999998933246919
128.3,9.999999034079336
128.4,9.999999125244496
128.5,9.99999920765481
128.6,9.999999282135072
128.7,9.999999349430702
128.8,9.999999410215217
128.9,9.999999465096971
129,9.999999514625237
129.1,9.999999559295707
129.2,9.999999599555466
129.3,9.999999635807438
129.4,9.99999966841445
129.5,9.999999697702842
129.6,9.999999723965745
129.7,9.999999747466005
129.8,9.999999768438817
129.9,9.999999787094088
130,9.999999803618527
130.1,9.999999818177514
130.2,9.99999983091676
130.3,9.999999841963763
130.4,9.999999851429088
130.5,9.999999859407465
130.6,9.999999865978745
130.7,9.999999871208695
130.8,9.999999875149658
130.9,9.999999877841075
131,9.999999879309888
131.1,9.999999879570792
131.2,9.999999878626403
131.3,9.999999876467262
131.4,9.999999873071765
131.5,9.999999868405929
131.6,9.999999862423055
131.7,9.999999855063265
131.8,9.999999846252898
131.9,9.999999835903781
132,9.999999823912329
132.1,9.999999810158537
132.2,9.999999794504747
132.3,9.999999776794292
132.4,9.999999756849917
132.5,9.999999734472016
132.6,9.999999709436622
132.7,9.99999968149317
132.8,9.999999650361998
132.9,9.999999615731531
133,9.999999577255176
133.1,9.999999534547849
133.2,9.999999487182121
133.3,9.999999434683939
133.4,9.999999376527887
133.5,9.999999312131916
133.6,9.999999240851531
133.7,9.999999161973337
133.8,9.999999074707892
133.9,9.999998978181814
134,9.999998871429042
134.1,9.999998753381153
134.2,9.999998622856689
134.3,9.999998478549319
134.4,9.999998319014766
134.5,9.999998142656354
134.6,9.999997947709033
134.7,9.99999773222171
134.8,9.999997494037713
134.9,9.999997230773223
135,9.999996939793402
135.1,9.999996618186033
135.2,9.99999626273237
135.3,9.999995869874919
135.4,9.999995435681836
135.5,9.999994955807587
135.6,9.999994425449442
135.7,9.999993839299414
135.8,9.999993191491138
135.9,9.999992475541157
136,9.999991684284034
136.1,9.999990809800639
136.2,9.999989843338891
136.3,9.999988775226178
136.4,9.999987594772538
136.5,9.999986290163672
136.6,9.999984848342724
136.7,9.999983254879588
136.8,9.999981493826503
136.9,9.999979547558446
137,9.999977396596741
137.1,9.999975019414116
137.2,9.999972392219272
137.3,9.999969488718774
137.4,9.999966279853922
137.5,9.999962733509941
137.6,9.999958814194587
137.7,9.999954482682959
137.8,9.999949695624963
137.9,9.999944405111497
138,9.999938558195014
138.1,9.999932096359666
138.2,9.999924954935755
138.3,9.999917062452578
138.4,9.999908339923277
138.5,9.999898700054429
138.6,9.999888046372588
138.7,9.999876272258977
138.8,9.999863259882659
138.9,9.999848879021616
139,9.999832985759825
139.1,9.999815421047414
139.2,9.99979600910944
139.3,9.999774555687427
139.4,9.999750846096065
139.5,9.999724643075696
139.6,9.999695684419089
139.7,9.999663680348842
139.8,9.999628310619224
139.9,9.999589221313535
140,9.999546021304996
140.1,9.999498278345943
140.2,9.999445514746238
140.3,9.999387202597923
140.4,9.999322758498455
140.5,9.999251537720054
140.6,9.999172827767103
140.7,9.999085841257516
140.8,9.998989708057337
140.9,9.998883466590462
141,9.998766054237201
141.1,9.998636296726547
141.2,9.998492896417
141.3,9.998334419350053
141.4,9.998159280948398
141.5,9.997965730217668
141.6,9.997751832296053
141.7,9.997515449180151
141.8,9.997254218437666
141.9,9.996965529698517
142,9.996646498694256
142.1,9.996293938592759
142.2,9.995904328349255
142.3,9.995473777766795
142.4,9.99499798892848
142.5,9.994472213630111
142.6,9.993891206405063
142.7,9.993249172693135
142.8,9.992539711661149
142.9,9.99175575313558
143,9.990889488055595
143.1,9.989932291798786
143.2,9.988874639671071
143.3,9.98770601378693
143.4,9.986414800495444
143.5,9.984988177432388
143.6,9.983411989198039
143.7,9.981670610574874
143.8,9.979746796109323
143.9,9.977621514787074
144,9.975273768433507
144.1,9.972680392369758
144.2,9.969815836752794
144.3,9.966651926925758
144.4,9.963157601005543
144.5,9.959298622840951
144.6,9.955037268390507
144.7,9.950331983499357
144.8,9.945137011005432
144.9,9.9394019850841
145,9.933071490757099
145.1,9.926084586557133
145.2,9.918374288468357
145.3,9.909867013471482
145.4,9.900481981330921
145.5,9.890130573694035
145.6,9.878715650157229
145.7,9.866130821723324
145.8,9.852259683067244
145.9,9.836975006285568
146,9.820137900379063
146.1,9.801596942659208
146.2,9.781187290638677
146.3,9.758729785823292
146.4,9.734030064231327
146.5,9.706877692486424
146.6,9.677045353015487
146.7,9.644288107273624
146.8,9.608342772032342
146.9,9.568927450589129
147,9.525741268224325
147.1,9.478464369215818
147.2,9.426758241011296
147.3,9.370266439430026
147.4,9.308615796566524
147.5,9.24141819978756
147.6,9.168273035060777
147.7,9.088770389851421
147.8,9.002495108803135
147.9,8.909031788043862
148,8.80797077977882
148.1,8.698915256370025
148.2,8.581489350995099
148.3,8.455347349164636
148.4,8.320183851339236
148.5,8.175744761936436
148.6,8.021838885585824
148.7,7.858349830425556
148.8,7.685247834990155
148.9,7.502601055951164
149,7.310585786300047
149.1,7.10949502625005
149.2,6.899744811276086
149.3,6.681877721681635
149.4,6.456563062257942
149.5,6.224593312018546
149.6,5.986876601124534
149.7,5.744425168116548
149.8,5.498339973124751
149.9,5.249791874789386
150,5
150.1,4.750208125210614
150.2,4.501660026875179
150.3,4.255574831883382
150.4,4.013123398875466
150.5,3.775406687981455
150.6,3.543436937742059
150.7,3.318122278318301
150.8,3.100255188723852
150.9,2.890504973749949
151,2.689414213699952
151.1,2.497398944048836
151.2,2.314752165009794
151.3,2.141650169574395
151.4,1.978161114414173
151.5,1.824255238063565
151.6,1.679816148660764
151.7,1.544652650835326
151.8,1.418510649004865
151.9,1.301084743629973
152,1.192029220221178
152.1,1.090968211956136
152.2,0.9975048911968366
152.3,0.9112296101485547
152.4,0.8317269649392222
152.5,0.758581800212437
152.6,0.6913842034334731
152.7,0.6297335605699579
152.8,0.5732417589886846
152.9,0.521535630784179
153,0.4742587317756707
153.1,0.4310725494108684
153.2,0.3916572279676413
153.3,0.3557118927263637
153.4,0.3229546469845106
153.5,0.2931223075135703
153.6,0.2659699357686613
153.7,0.2412702141766955
153.8,0.2188127093613129
153.9,0.1984030573407849
154,0.1798620996209272
154.1,0.1630249937144175
154.2,0.1477403169327416
154.3,0.1338691782766609
154.4,0.1212843498427594
154.5,0.1098694263059494
154.6,0.09951801866906179
154.7,0.09013298652849999
154.8,0.08162571153162397
154.9,0.07391541344284684
155,0.06692850924287849
155.1,0.06059801491587379
155.2,0.05486298899453979
155.3,0.04966801650060999
155.4,0.04496273160945706
155.5,0.04070137715901104
155.6,0.03684239899441535
155.7,0.03334807307419544
155.8,0.030184163247152
155.9,0.02731960763018567
156,0.0247262315664312
156.1,0.0223784852128545
156.2,0.02025320389060146
156.3,0.0183293894250402
156.4,0.01658801080186859
156.5,0.0150118225675078
156.6,0.01358519950444167
156.7,0.01229398621294152
156.8,0.01112536032878821
156.9,0.01006770820106099
157,0.009110511944232166
157.1,0.008244246864233855
157.2,0.007460288338643831
157.3,0.006750827306633267
157.4,0.006108793594682038
157.5,0.005527786369609648
157.6,0.005002011071208791
157.7,0.004526222232862352
157.8,0.004095671650365836
157.9,0.00535491077961928
158,0.005175603694082579
158.1,0.005048011941142265
158.2,0.004970853627486789
158.3,0.004943348061782283
158.4,0.004965207604112178
158.5,0.005036634295043217
158.6,0.00515832121110707
158.7,0.005331458534000966
158.8,0.005557744360069938
158.9,0.005839400314866397
159,0.006179192074809532
159.1,0.006580454934170994
159.2,0.007047124590542301
159.3,0.007583773355613809
159.4,0.008195652029889719
159.5,0.00888873770966307
159.6,0.009669787821136059
159.7,0.01054640069965935
159.8,0.01152708304986266
159.9,0.01262132463413248
160,0.01383968054015469
160.1,0.0151938613712511
160.2,0.01669683168291867
160.3,0.01836291695223899
160.4,0.02020791930961865
160.5,0.02224924217985069
160.6,0.02450602386625167
160.7,0.02699927996101661
160.8,0.0297520542694946
160.9,0.03278957768705353
161,0.03613943415505837
161.1,0.03983173243626462
161.2,0.04389928197824804
161.3,0.04837777056381622
161.4,0.05330594076727403
161.5,0.058725761432957
161.6,0.06468258945668574
161.7,0.07122531607397398
161.8,0.07840649063708788
161.9,0.086282413499641
162,0.09491318813484904
162.1,0.1043627210174103
162.2,0.1146986561419113
162.3,0.1259922293969239
162.4,0.1383180264544095
162.5,0.1517536264908798
162.6,0.1663791130878793
162.7,0.1822764332600534
162.8,0.1995285859638627
162.9,0.2182186229149577
163,0.2384284473788031
163.1,0.2602374010916381
163.2,0.2837206358905771
163.3,0.3089472751947605
163.4,0.3359783812869525
163.5,0.3648647573357877
163.6,0.3956446279851418
163.7,0.428341258550379
163.8,0.4629605895101995
163.9,0.4994889788401742
164,0.5378911582692336
164.1,0.5781085190024822
164.2,0.6200578460255786
164.3,0.6636306161122079
164.4,0.7086929618204106
164.5,0.7550863814808471
164.6,0.8026292437530377
164.7,0.8511190961257559
164.8,0.9003357422271155
164.9,0.9500450063968201
165,1.000003059699028
165.1,1.049961143623719
165.2,1.099670499967305
165.3,1.148887300716467
165.4,1.197377371758667
165.5,1.244920518910514
165.6,1.291314292511985
165.7,1.336377064764903
165.8,1.379950338268924
165.9,1.421900250620436
166,1.462118284451252
166.1,1.500521231483606
166.2,1.537050490604959
166.3,1.571670802249362
166.4,1.604368534207336
166.5,1.635149637980603
166.6,1.66403739122596
166.7,1.691070032370587
166.8,1.71629837994629
166.9,1.739783513332602
167,1.761594574950131
167.1,1.78180673773235
167.2,1.800499366817815
167.3,1.81775439141453
167.4,1.833654891980508
167.5,1.848283899302038
167.6,1.861723395629612
167.7,1.874053503539224
167.8,1.885351845350719
167.9,1.895693054459988
168,1.905148419537732
168.1,1.913785642947051
168.2,1.921668695701614
168.3,1.92885775262992
168.4,1.935409192971185
168.5,1.941375653282968
168.6,1.946806121198361
168.7,1.951746060167586
168.8,1.956237556812386
168.9,1.960319483885883
169,1.96402767305358
169.1,1.967395092789159
169.2,1.970452027615856
169.3,1.973226255728216
169.4,1.97574322271074
169.5,1.97802620964141
169.6,1.980096494341913
169.7,1.981973504924724
169.8,1.983674965101953
169.9,1.985217030972544
170,1.986614419202932
170.1,1.987880526670246
170.2,1.989027541754047
170.3,1.990066547549057
170.4,1.99100761733326
170.5,1.991859902667239
170.6,1.992631714526522
170.7,1.993330597881803
170.8,1.993963400145186
170.9,1.994536333896442
171,1.995055034293407
171.1,1.995524611556744
171.2,1.99594969890238
171.3,1.996334496276314
171.4,1.9966828102265
171.5,1.996998090226228
171.6,1.997283461742888
171.7,1.997541756325849
171.8,1.997775538967637
171.9,1.997987132973567
172,1.998178642557074
172.1,1.99835197336088
172.2,1.998508851087997
172.3,1.998650838411522
172.4,1.998779350318124
172.5,1.998895668026959
172.6,1.99900095161367
172.7,1.999096251457923
172.8,1.999182518622501
172.9,1.999260614262574
173,1.999331318154887
173.1,1.999395336428709
173.2,1.999453308572957
173.3,1.999505813787223
173.4,1.99955337673834
173.5,1.999596472778416
173.6,1.99963553267531
173.7,1.999670946901794
173.8,1.999703069525398
173.9,1.999732221737222
174,1.999758695054368
174.1,1.999782754227595
174.2,1.999804639882887
174.3,1.999824570923057
174.4,1.999842746713117
174.5,1.999859349071143
174.6,1.999874544084287
174.7,1.999888483768035
174.8,1.999901307585177
174.9,1.999913143839573
175,1.999924110958611
175.1,1.999934318677113
175.2,1.999943869134478
175.3,1.999952857896014
175.4,1.999961374908627
175.5,1.999969505400414
175.6,1.999977330733132
175.7,1.999984929216053
175.8,1.999992376889339
175.9,1.999999748284752
176,2.000007117171317
176.1,2.000014557293368
176.2,2.000022143108356
176.3,2.000029950531838
176.4,2.000038057697002
176.5,2.000046545736419
176.6,2.000055499593783
176.7,2.000065008873742
176.8,2.000075168738365
176.9,2.000086080859135
177,2.00009785443405
177.1,2.000110607279942
177.2,2.000124467010938
177.3,2.000139572314847
177.4,2.000156074340167
177.5,2.00017413820764
177.6,2.000193944661321
177.7,2.000215691875727
177.8,2.000239597437011
177.9,2.000265900517948
178,2.00029486426836
178.1,2.00032677844478
178.2,2.000361962305524
178.3,2.000400767799943
178.4,2.000443583083519
178.5,2.000490836393725
178.6,2.00054300032503
178.7,2.000600596545461
178.8,2.000664201001337
178.9,2.000734449661637
179,2.000812044858709
179.1,2.000897762287769
179.2,2.000992458734097
179.3,2.001097080603797
179.4,2.001212673341704
179.5,2.001340391828593
179.6,2.001481511859045
179.7,2.001637442811665
179.8,2.00180974163451
179.9,2.002000128280884
180,2.002210502744175
180.1,2.002442963855005
180.2,2.002699830020148
180.3,2.002983662100117
180.4,2.003297288641388
180.5,2.003643833699967
180.6,2.004026747515407
180.7,2.004449840318757
180.8,2.004917319584021
180.9,2.005433831060922
181,2.006004503956968
181.1,2.006635000668955
181.2,2.007331571498254
181.3,2.008101114820254
181.4,2.008951243216181
181.5,2.009890356114689
181.6,2.010927719531014
181.7,2.012073553532383
181.8,2.013339128099186
181.9,2.014736868091113
182,2.016280468064959
182.1,2.017985017724472
182.2,2.019867138810449
182.3,2.02194513425907
182.4,2.024239150464757
182.5,2.026771353477236
182.6,2.029566119936279
182.7,2.032650243496058
182.8,2.03605315740757
182.9,2.039807173804209
183,2.04394774006246
183.1,2.04851371237583
183.2,2.053547646372192
183.3,2.059096104207836
183.4,2.065209977067873
183.5,2.071944821373496
183.6,2.079361206219558
183.7,2.087525068618577
183.8,2.096508071984155
183.9,2.106387961923388
184,2.11724891179985
184.1,2.129181848654581
184.2,2.142284747916196
184.3,2.156662882885764
184.4,2.172429012253023
184.5,2.189703485913742
184.6,2.208614246163925
184.7,2.229296698030955
184.8,2.251893419192998
184.9,2.276553676817542
185,2.303432715962674
185.1,2.332690782245686
185.2,2.364491840684374
185.3,2.399001953424868
185.4,2.436387282019192
185.5,2.476811685588168
185.6,2.520433895189635
185.7,2.567404257554884
185.8,2.617861058481874
185.9,2.671926457788302
186,2.729702093708915
186.1,2.791264444393492
186.2,2.856660066588163
186.3,2.925900864880479
186.4,2.998959576602987
186.5,3.075765684560171
186.6,3.156201988667725
186.7,3.240102074736489
186.8,3.327248910645933
186.9,3.417374774480256
187,3.510162674634688
187.1,3.605249359045411
187.2,3.702229932296616
187.3,3.800664010336802
187.4,3.900083249710279
187.5,3.99999999966162
187.6,4.099916749609604
187.7,4.199335988972887
187.8,4.29777006699597
187.9,4.394750640222991
188,4.489837324602181
188.1,4.582625224717496
188.2,4.672751088504645
188.3,4.759897924358415
188.4,4.843798010362445
188.5,4.924234314395536
188.6,5.001040422267851
188.7,5.074099133894165
188.8,5.143339932078023
188.9,5.208735554150887
189,5.270297904699071
189.1,5.328073540467392
189.2,5.382138939604053
189.3,5.43259574034212
189.4,5.479566102497399
189.5,5.523188311865734
189.6,5.563612715176119
189.7,5.600998043483772
189.8,5.635508155906653
189.9,5.667309213993613
190,5.696567279887249
190.1,5.723446318601484
190.2,5.748106575749276
190.3,5.770703296383949
190.4,5.791385747667709
190.5,5.810296507272884
190.6,5.827570980220413
190.7,5.843337108799149
190.8,5.857715242896974
190.9,5.870818141194903
191,5.882751076984353
191.1,5.893612025683289
191.2,5.903491914320956
191.3,5.912474916247904
191.4,5.920638777056835
191.5,5.92805516014543
191.6,5.934790002508624
191.7,5.940903873221828
191.8,5.946452328684742
191.9,5.95148626005874
192,5.956052229473858
192.1,5.960192792528972
192.2,5.96394680538552
192.3,5.967349715384563
192.4,5.970433834620339
192.5,5.973228596300565
192.6,5.975760794031585
192.7,5.978054804400314
192.8,5.980132793398063
192.9,5.982014907354684
193,5.983719449135007
193.1,5.985263040400977
193.2,5.986660770769183
193.3,5.987926334700107
193.4,5.989072156946992
193.5,5.990109507372581
193.6,5.99104860591409
193.7,5.991898718443062
193.8,5.992668244229352
193.9,5.993364795678678
194,5.993995270972475
194.1,5.994565920197748
194.2,5.99508240551439
194.3,5.99554985586809
194.4,5.995972916719214
194.5,5.996355795221975
194.6,5.996702301254002
194.7,5.997015884664262
194.8,5.997299669077087
194.9,5.997556482561887
195,5.997788885451932
195.1,5.997999195571306
195.2,5.998189511106656
195.3,5.998361731339664
195.4,5.99851757543709
195.5,5.998658599477713
195.6,5.998786211879441
195.7,5.998901687375126
195.8,5.999006179672142
195.9,5.99910073291853
196,5.999186292087201
196.1,5.999263712379522
196.2,5.999333767740213
196.3,5.999397158567024
196.4,5.999454518690877
196.5,5.999506421695174
196.6,5.999553386636517
196.7,5.999595883223311
196.8,5.999634336503428
196.9,5.999669131107314
197,5.99970061508855
197.1,5.99972910339997
197.2,5.999754881039824
197.3,5.999778205899224
197.4,5.999799311339185
197.5,5.999818408522895
197.6,5.999835688526407
197.7,5.999851324248791
197.8,5.999865472140756
197.9,5.999878273768986
198,5.999889857231773
198.1,5.99990033844008
198.2,5.999909822276799
198.3,5.999918403645799
198.4,5.999926168421204
198.5,5.999933194306404
198.6,5.999939551611381
198.7,5.999945303956087
198.8,5.999950508906933
198.9,5.99995521855273
199,5.999959480025855
199.1,5.999963335973825
199.2,5.999966824986021
199.3,5.999969981979816
199.4,5.999972838549962
199.5,5.999975423284742
199.6,5.999977762052046
199.7,5.999979878258214
199.8,5.999981793082279
199.9,5.999983525687886
200,5.999985093415086
200.1,5.999986511953846
200.2,5.999987795501079
200.3,5.999988956902705
200.4,5.99999000778222
200.5,5.999990958657013
200.6,5.999991819043622
200.7,5.999992597552974
200.8,5.999993301976561
200.9,5.999993939364415
201,5.999994516095668
201.1,5.999995037942392
201.2,5.999995510127359
201.3,5.999995937376324
201.4,5.999996323965309
201.5,5.999996673763405
201.6,5.999996990271493
201.7,5.999997276657273
201.8,5.999997535786979
201.9,5.999997770254059
202,5.99999798240513
202.1,5.999998174363464
202.2,5.999998348050238
202.3,5.999998505203765
202.4,5.999998647396885
202.5,5.999998776052712
202.6,5.999998892458876
202.7,5.999998997780404
202.8,5.99999909307139
202.9,5.999999179285536
203,5.999999257285699
203.1,5.999999327852533
203.2,5.999999391692292
203.3,5.999999449443907
203.4,5.999999501685373
203.5,5.999999548939541
203.6,5.999999591679344
203.7,5.999999630332541
203.8,5.999999665285981
203.9,5.999999696889492
204,5.999999725459372
204.1,5.999999751281557
204.2,5.999999774614484
204.3,5.999999795691679
204.4,5.999999814724087
204.5,5.999999831902192
204.6,5.999999847397918
204.7,5.999999861366351
204.8,5.999999873947292
204.9,5.999999885266655
205,5.999999895437728
205.1,5.999999904562308
205.2,5.999999912731715
205.3,5.999999920027712
205.4,5.999999926523319
205.5,5.999999932283546
205.6,5.999999937366045
205.7,5.999999941821683
205.8,5.99999994569505
205.9,5.999999949024918
206,5.999999951844609
206.1,5.999999954182345
206.2,5.999999956061522
206.3,5.999999957500948
206.4,5.999999958515029
206.5,5.999999959113915
206.6,5.999999959303599
206.7,5.99999995908598
206.8,5.999999958458881
206.9,5.999999957416023
207,5.999999955946969
207.1,5.999999954037019
207.2,5.999999951667057
207.3,5.999999948813361
207.4,5.999999945447373
207.5,5.999999941535403
207.6,5.999999937038302
207.7,5.999999931911057
207.8,5.999999926102355
207.9,5.999999919554061
208,5.999999912200638
208.1,5.999999903968488
208.2,5.999999894775224
208.3,5.999999884528834
208.4,5.999999873126771
208.5,5.999999860454917
208.6,5.99999984638645
208.7,5.999999830780568
208.8,5.999999813481081
208.9,5.999999794314849
209,5.999999773090054
209.1,5.999999749594267
209.2,5.999999723592337
209.3,5.999999694824027
209.4,5.999999663001415
209.5,5.999999627806009
209.6,5.999999588885563
209.7,5.999999545850548
209.8,5.999999498270255
209.9,5.999999445668488
210,5.999999387518788
210.1,5.999999323239175
210.2,5.999999252186319
210.3,5.999999173649103
210.4,5.999999086841498
210.5,5.999998990894708
210.6,5.99999888484847
210.7,5.999998767641438
210.8,5.999998638100571
210.9,5.999998494929384
211,5.999998336694978
211.1,5.9999981618137
211.2,5.999997968535284
211.3,5.999997754925351
211.4,5.999997518846031
211.5,5.999997257934581
211.6,5.999996969579731
211.7,5.999996650895556
211.8,5.999996298692587
211.9,5.999995909445895
212,5.999995479259815
212.1,5.999995003828955
212.2,5.999994478395113
212.3,5.999993897699651
212.4,5.999993255930878
212.5,5.999992546665879
212.6,5.999991762806244
212.7,5.999990896507029
212.8,5.999989939098243
212.9,5.999988880998095
213,5.999987711617102
213.1,5.999986419252116
213.2,5.99998499096922
213.3,5.999983412474291
213.4,5.999981667969974
213.5,5.999979739997602
213.6,5.999977609262498
213.7,5.999975254440919
213.8,5.999972651966691
213.9,5.999969775795419
214,5.999966597143908
214.1,5.999963084202193
214.2,5.999959201815292
214.3,5.999954911131516
214.4,5.999950169213813
214.5,5.999944928610253
214.6,5.999939136879396
214.7,5.999932736065768
214.8,5.999925662120225
214.9,5.99991784425943
215,5.999909204258035
215.1,5.999899655666507
215.2,5.999889102946821
215.3,5.999877440517389
215.4,5.999864551697704
215.5,5.999850307542212
215.6,5.999834565551794
215.7,5.999817168250031
215.8,5.999797941610135
215.9,5.999776693316887
216,5.99975321084635
216.1,5.999727259344323
216.2,5.999698579282507
216.3,5.999666883869203
216.4,5.999631856188948
216.5,5.999593146042871
216.6,5.999550366458612
216.7,5.999503089835488
216.8,5.999450843687043
216.9,5.99939310593926
217,5.99932929973845
217.1,5.999258787718189
217.2,5.999180865669523
217.3,5.999094755553061
217.4,5.998999597785427
217.5,5.99889444272578
217.6,5.998778241280792
217.7,5.998649834538428
217.8,5.998507942332049
217.9,5.998351150626953
218,5.998177897610971
218.1,5.997986458359623
218.2,5.997774927934094
218.3,5.997541202757278
218.4,5.997282960098991
218.5,5.996997635486388
218.6,5.996682397839527
218.7,5.996334122114901
218.8,5.995949359221799
218.9,5.995524302957355
219,5.995054753686647
219.1,5.994536078473902
219.2,5.993963167350515
219.3,5.993330385385111
219.4,5.992631520201072
219.5,5.991859724568157
219.6,5.991007453678071
219.7,5.990066396699844
219.8,5.989027402201062
219.9,5.987880397016798
220,5.986614298151399
220.1,5.985216917311408
220.2,5.983674857693655
220.3,5.981973402694281
220.4,5.980096396266171
220.5,5.978026114738795
220.6,5.975743130031434
220.7,5.973226164344655
220.8,5.97045193661344
220.9,5.967395001257105
221,5.964027580075806
221.1,5.960319388531834
221.2,5.956237458127729
221.3,5.951745957164653
221.4,5.94680601284626
221.5,5.94137553849728
221.6,5.935409070603091
221.7,5.928857621454721
221.8,5.921668554406465
221.9,5.913785490117823
222,5.905148253644862
222.1,5.895692873843158
222.2,5.885351648202257
222.3,5.874053287886003
222.4,5.861723159313303
222.5,5.84828363995751
222.6,5.833654607012149
222.7,5.817754077970283
222.8,5.800499021760626
222.9,5.781806357608771
223,5.761594155955763
223.1,5.739783051273998
223.2,5.716297870199019
223.3,5.691069469832927
223.4,5.664036770267846
223.5,5.635148952387286
223.6,5.604367777117155
223.7,5.571669966085111
223.8,5.53704956699803
223.9,5.500520211190232
224,5.462117157260009
224.1,5.421899005249998
224.2,5.379948962255217
224.3,5.336375544336327
224.4,5.291312612451588
224.5,5.244918662403709
224.6,5.197375320224893
224.7,5.148885033623309
224.8,5.09966799462495
224.9,5.049958374957877
225,5
225.1,4.950041625042108
225.2,4.900332005375036
225.3,4.851114966376676
225.4,4.802624679775094
225.5,4.755081337596291
225.6,4.7086873875484
225.7,4.66362445566366
225.8,4.620051037744771
225.9,4.57810099474999
226,4.537882842739991
226.1,4.499479788809756
226.2,4.462950433001959
226.3,4.428330033914879
226.4,4.395632222882835
226.5,4.364851047612714
226.6,4.335963229732146
226.7,4.308930530167066
226.8,4.283702129800973
226.9,4.260216948725995
227,4.238405844044237
227.1,4.218193642391222
227.2,4.199500978239369
227.3,4.182245922029711
227.4,4.166345392987846
227.5,4.151716360042489
227.6,4.138276840686693
227.7,4.125946712113993
227.8,4.114648351797739
227.9,4.104307126156837
228,4.094851746355136
228.1,4.086214509882174
228.2,4.078331445593531
228.3,4.071142378545275
228.4,4.064590929396905
228.5,4.058624461502718
228.6,4.053193987153737
228.7,4.048254042835344
228.8,4.043762541872268
228.9,4.039680611468162
229,4.035972419924192
229.1,4.03260499874289
229.2,4.029548063386557
229.3,4.026773835655341
229.4,4.024256869968561
229.5,4.0219738852612
229.6,4.019903603733823
229.7,4.018026597305712
229.8,4.016325142306338
229.9,4.014783082688584
230,4.013385701848593
230.1,4.012119602983193
230.2,4.010972597798929
230.3,4.009933603300144
230.4,4.008992546321917
230.5,4.00814027543183
230.6,4.007368479798914
230.7,4.006669614614873
230.8,4.006036832649468
230.9,4.005463921526079
231,4.004945246313332
231.1,4.004475697042622
231.2,4.004050640778177
231.3,4.00366587788507
231.4,4.003317602160442
231.5,4.003002364513577
231.6,4.002717039900972
231.7,4.002458797242681
231.8,4.00222507206586
231.9,4.002013541640325
232,4.001822102388971
232.1,4.001648849372985
232.2,4.001492057667881
232.3,4.001350165461496
232.4,4.001221758719122
232.5,4.001105557274128
232.6,4.001000402214469
232.7,4.000905244446824
232.8,4.000819134330351
232.9,4.000741212281671
233,4.000670700261395
233.1,4.000606894060569
233.2,4.000549156312768
233.3,4.000496910164303
233.4,4.000449633541157
233.5,4.000406853956873
233.6,4.000368143810769
233.7,4.000333116130486
233.8,4.000301420717149
233.9,4.000272740655298
234,4.000246789153231
234.1,4.000223306682649
234.2,4.000202058389352
234.3,4.000182831749402
234.4,4.00016543444758
234.5,4.000149692457095
234.6,4.000135448301531
234.7,4.000122559481767
234.8,4.000110897052245
234.9,4.000100344332462
235,4.000090795740824
235.1,4.000082155739308
235.2,4.000074337878383
235.3,4.000067263932694
235.4,4.000060863118904
235.5,4.000055071387868
235.6,4.000049830784111
235.7,4.000045088866187
235.8,4.000040798182171
235.9,4.000036915795003
236,4.000033402852992
236.1,4.000030224201156
236.2,4.000027348029525
236.3,4.000024745554898
236.4,4.000022390732878
236.5,4.000020259997289
236.6,4.000018332024379
236.7,4.000016587519468
236.8,4.000015009023883
236.9,4.000013580740262
237,4.000012288374474
237.1,4.000011118992595
237.2,4.000010060891469
237.3,4.000009103481601
237.4,4.00000823718119
237.5,4.000007453320233
237.6,4.000006744053773
237.7,4.000006102283385
237.8,4.000005521586141
237.9,4.000004996150327
238,4.000004520717289
238.1,4.000004090528799
238.2,4.000003701279446
238.3,4.000003349073536
238.4,4.000003030386109
238.5,4.000002742027668
238.6,4.000002481112247
238.7,4.00000224502854
238.8,4.000002031413755
238.9,4.000001838129982
239,4.00000166324278
239.1,4.000001505001828
239.2,4.000001361823407
239.3,4.000001232274546
239.4,4.000001115058677
239.5,4.000001009002673
239.6,4.000000913045091
239.7,4.000000826225559
239.8,4.000000747675159
239.9,4.000000676607735
240,4.000000612312023
240.1,4.000000554144529
240.2,4.000000501523096
240.3,4.00000045392107
240.4,4.000000410862036
240.5,4.000000371915045
240.6,4.000000336690301
240.7,4.000000304835266
240.8,4.000000276031124
240.9,4.000000249989593
241,4.000000226450041
241.1,4.000000205176876
241.2,4.000000185957189
241.3,4.000000168598625
241.4,4.00000015292745
241.5,4.000000138786826
241.6,4.000000126035227
241.7,4.000000114545029
241.8,4.000000104201238
241.9,4.000000094900326
242,4.00000008654921
242.1,4.000000079064306
242.2,4.000000072370705
242.3,4.000000066401414
242.4,4.00000006109669
242.5,4.000000056403443
242.6,4.0000000522747
242.7,4.00000004866914
242.8,4.000000045550678
242.9,4.0000000428881
243,4.000000040654762
243.1,4.000000038828311
243.2,4.000000037390466
243.3,4.000000036326838
243.4,4.000000035626782
243.5,4.000000035283288
243.6,4.000000035292922
243.7,4.000000035655781
243.8,4.000000036375495
243.9,4.000000037459266
244,4.000000038917942
244.1,4.000000040766121
244.2,4.000000043022302
244.3,4.000000045709065
244.4,4.0000000488533
244.5,4.000000052486474
244.6,4.000000056644951
244.7,4.00000006137035
244.8,4.000000066709963
244.9,4.000000072717232
245,4.00000007945228
245.1,4.000000086982513
245.2,4.000000095383296
245.3,4.000000104738707
245.4,4.000000115142377
245.5,4.000000126698432
245.6,4.000000139522527
245.7,4.000000153743009
245.8,4.000000169502204
245.9,4.000000186957834
246,4.0000002062846
246.1,4.000000227675931
246.2,4.000000251345918
246.3,4.000000277531459
246.4,4.000000306494629
246.5,4.000000338525297
246.6,4.00000037394404
246.7,4.000000413105339
246.8,4.000000456401134
246.9,4.000000504264742
247,4.000000557175199
247.1,4.000000615662049
247.2,4.000000680310649
247.3,4.000000751768021
247.4,4.000000830749334
247.5,4.00000091804506
247.6,4.00000101452888
247.7,4.000001121166437
247.8,4.000001239024991
247.9,4.000001369284108
248,4.000001513247462
248.1,4.000001672355882
248.2,4.000001848201775
248.3,4.000002042545057
248.4,4.000002257330774
248.5,4.000002494708566
248.6,4.000002757054176
248.7,4.000003046993236
248.8,4.000003367427535
248.9,4.000003721564067
249,4.000004112947123
249.1,4.000004545493767
249.2,4.000005023533033
249.3,4.000005551849252
249.4,4.000006135729936
249.5,4.000006781018689
249.6,4.000007494173694
249.7,4.000008282332344
249.8,4.000009153382672
249.9,4.000010116042288
250,4.000011179945629
250.1,4.000012355740367
250.2,4.000013655193975
250.3,4.000015091311482
250.4,4.00001667846562
250.5,4.000018432540654
250.6,4.000020371091338
250.7,4.000022513518585
250.8,4.000024881263602
250.9,4.000027498022453
251,4.000030389983161
251.1,4.000033586087762
251.2,4.000037118321889
251.3,4.000041022034823
251.4,4.000045336293173
251.5,4.000050104271741
251.6,4.000055373685495
251.7,4.000061197266914
251.8,4.000067633293543
251.9,4.000074746170973
252,4.000082607077103
252.1,4.000091294674103
252.2,4.000100895895193
252.3,4.000111506814093
252.4,4.000123233605814
252.5,4.000136193608387
252.6,4.000150516496114
252.7,4.000166345576035
252.8,4.000183839220538
252.9,4.000203172450387
253,4.000224538683915
253.1,4.000248151669807
253.2,4.00027424762269
253.3,4.000303087582748
253.4,4.000334960022816
253.5,4.000370183728798
253.6,4.000409110981997
253.7,4.000452131074866
253.8,4.000499674194954
253.9,4.000552215715452
254,4.000610280934675
254.1,4.000674450311161
254.2,4.000745365245935
254.3,4.000823734468681
254.4,4.000910341090428
254.5,4.001006050391708
254.6,4.001111818422158
254.7,4.001228701495211
254.8,4.001357866669951
254.9,4.001500603321446
255,4.001658335910958
255.1,4.001832638078472
255.2,4.002025248192052
255.3,4.002238086501649
255.4,4.00247327405932
255.5,4.002733153583316
255.6,4.003020312460359
255.7,4.003337608098674
255.8,4.003688195863916
255.9,4.004075559851363
256,4.00450354677028
256.1,4.004976403240585
256.2,4.005498816827535
256.3,4.006075961167201
256.4,4.006713545563875
256.5,4.007417869469946
256.6,4.008195882289071
256.7,4.00905524897416
256.8,4.010004421922272
256.9,4.011052719698336
257,4.012210413147714
257.1,4.013488819482847
257.2,4.014900404950192
257.3,4.01645889669837
257.4,4.01817940447477
257.5,4.02007855277287
257.6,4.022174624032861
257.7,4.024487713459491
257.8,4.027039895958556
257.9,4.029855405600724
258,4.032960827891789
258.1,4.036385304952832
258.2,4.040160753483002
258.3,4.044322095079827
258.4,4.04890749811433
258.5,4.053958629886281
258.6,4.059520917202239
258.7,4.065643812808394
258.8,4.072381064253012
258.9,4.079790980730604
259,4.087936692254072
259.1,4.096886394095357
259.2,4.10671356781791
259.3,4.117497168390297
259.4,4.129321764823265
259.5,4.142277619532702
259.6,4.156460689235258
259.7,4.171972527696607
259.8,4.188920068170993
259.9,4.207415261030048
260,4.227574540063732
260.1,4.249518089481773
260.2,4.273368883044567
260.3,4.29925146735906
260.4,4.327290463586849
260.5,4.357608766066353
260.6,4.390325423089003
260.7,4.425553194701459
260.8,4.463395795250609
260.9,4.503944844598241
261,4.547276571419069
261.1,4.593448334324266
261.2,4.642495050872319
261.3,4.694425649502953
261.4,4.749219683214667
261.5,4.806824264109986
261.6,4.867151492125003
261.7,4.930076556617156
261.8,4.995436683495509
261.9,5.063031081322637
262,5.132622006394437
262.1,5.203937019662661
262.2,5.276672449565014
262.3,5.350498008062575
262.4,5.425062437563206
262.5,5.5
262.6,5.574937562436837
262.7,5.649501991937425
262.8,5.723327550434986
262.9,5.79606298033738
263,5.867377993605563
263.1,5.936968918677402
263.2,6.004563316504491
263.3,6.069923443382844
263.4,6.132848507875033
263.5,6.193175735890015
263.6,6.250780316785366
263.7,6.305574350497047
263.8,6.357504949127682
263.9,6.406551665675762
264,6.452723428580931
264.1,6.496055155401783
264.2,6.536604204749391
264.3,6.574446805298541
264.4,6.609674576911019
264.5,6.642391233933647
264.6,6.672709536413167
264.7,6.700748532640942
264.8,6.726631116955434
264.9,6.750481910518241
265,6.77242545993627
265.1,6.792584738969964
265.2,6.811079931829008
265.3,6.828027472303395
265.4,6.843539310764752
265.5,6.857722380467299
265.6,6.870678235176745
265.7,6.882502831609706
265.8,6.893286432182093
265.9,6.903113605904652
266,6.912063307745931
266.1,6.920209019269404
266.2,6.927618935746992
266.3,6.934356187191609
266.4,6.940479082797769
266.5,6.946041370113726
266.6,6.951092501885679
266.7,6.95567790492018
266.8,6.959839246517006
266.9,6.963614695047179
267,6.967039172108221
267.1,6.970144594399288
267.2,6.972960104041457
267.3,6.97551228654052
267.4,6.977825375967155
267.5,6.979921447227145
267.6,6.981820595525248
267.7,6.983541103301649
267.8,6.98509959504983
267.9,6.986511180517177
268,6.987789586852312
268.1,6.988947280301693
268.2,6.98999557807776
268.3,6.990944751025875
268.4,6.991804117710966
268.5,6.992582130530096
268.6,6.993286454436172
268.7,6.99392403883285
268.8,6.994501183172522
268.9,6.995023596759477
269,6.995496453229789
269.1,6.995924440148714
269.2,6.996311804136168
269.3,6.996662391901419
269.4,6.996979687539744
269.5,6.997266846416798
269.6,6.997526725940805
269.7,6.99776191349849
269.8,6.997974751808101
269.9,6.998167361921697
270,6.99834166408923
270.1,6.998499396678762
270.2,6.998642133330279
270.3,6.998771298505042
270.4,6.998888181578121
270.5,6.998993949608601
270.6,6.999089658909913
270.7,6.999176265531696
270.8,6.999254634754482
270.9,6.9993255496893
271,6.999389719065834
271.1,6.99944778428511
271.2,6.999500325805668
271.3,6.999547868925821
271.4,6.999590889018761
271.5,6.999629816272041
271.6,6.999665039978112
271.7,6.999696912418277
271.8,6.999725752378444
271.9,6.999751848331446
272,6.999775461317468
272.1,6.99979682755114
272.2,6.999816160781149
272.3,6.999833654425831
272.4,6.999849483505948
272.5,6.999863806393892
272.6,6.999876766396706
272.7,6.999888493188692
272.8,6.999899104107884
272.9,6.999908705329299
273,6.999917392926656
273.1,6.999925253833181
273.2,6.999932366711048
273.3,6.999938802738161
273.4,6.999944626320113
273.5,6.999949895734456
273.6,6.999954663713677
273.7,6.999958977972746
273.8,6.999962881686477
273.9,6.999966413921484
274,6.999969610027057
274.1,6.999972501988841
274.2,6.999975118748878
274.3,6.999977486495208
274.4,6.999979628923906
274.5,6.999981567476193
274.6,6.999983321553
274.7,6.999984908709095
274.8,6.999986344828765
274.9,6.999987644284765
275,6.999988820082148
275.1,6.999989883988409
275.2,6.999990846651254
275.3,6.999991717705149
275.4,6.999992505867743
275.5,6.999993219027106
275.6,6.999993864320675
275.7,6.999994448206682
275.8,6.999994976528784
275.9,6.999995454574551
276,6.999995887128379
276.1,6.999996278519376
276.2,6.999996632664685
276.3,6.999996953108681
276.4,6.99999724305846
276.5,6.999997505415917
276.6,6.999997742806801
276.7,6.999997957606988
276.8,6.99999815196626
276.9,6.999998327829824
277,6.999998486957775
277.1,6.999998630942715
277.2,6.999998761225687
277.3,6.999998879110605
277.4,6.999998985777298
277.5,6.99999908229332
277.6,6.999999169624632
277.7,6.999999248645277
277.8,6.999999320146116
277.9,6.999999384842754
278,6.999999443382695
278.1,6.999999496351825
278.2,6.999999544280278
278.3,6.999999587647738
278.4,6.99999962688824
278.5,6.999999662394513
278.6,6.99999969452192
278.7,6.999999723592
278.8,6.999999749895697
278.9,6.999999773696267
279,6.999999795231913
279.1,6.999999814718171
279.2,6.999999832350067
279.3,6.999999848304068
279.4,6.999999862739843
279.5,6.999999875801874
279.6,6.999999887620888
279.7,6.999999898315174
279.8,6.999999907991764
279.9,6.999999916747505
280,6.999999924670027
280.1,6.999999931838621
280.2,6.999999938325034
280.3,6.999999944194183
280.4,6.999999949504809
280.5,6.999999954310061
280.6,6.999999958658034
280.7,6.999999962592242
280.8,6.99999996615206
280.9,6.999999969373118
281,6.999999972287651
281.1,6.99999997492483
281.2,6.999999977311048
281.3,6.999999979470187
281.4,6.999999981423857
281.5,6.999999983191611
281.6,6.99999998479114
281.7,6.999999986238455
281.8,6.999999987548039
281.9,6.999999988733
282,6.999999989805197
282.1,6.99999999077536
282.2,6.999999991653201
282.3,6.999999992447504
282.4,6.999999993166219
282.5,6.999999993816539
282.6,6.999999994404973
282.7,6.999999994937411
282.8,6.99999999541918
282.9,6.999999995855102
283,6.999999996249541
283.1,6.999999996606444
283.2,6.999999996929384
283.3,6.999999997221591
283.4,6.999999997485992
283.5,6.999999997725231
283.6,6.999999997941705
283.7,6.999999998137577
283.8,6.99999999831481
283.9,6.999999998475177
284,6.999999998620284
284.1,6.999999998751581
284.2,6.999999998870384
284.3,6.999999998977881
284.4,6.999999999075149
284.5,6.99999999916316
284.6,6.999999999242796
284.7,6.999999999314853
284.8,6.999999999380053
284.9,6.99999999943905
285,6.999999999492431
285.1,6.999999999540732
285.2,6.999999999584437
285.3,6.999999999623983
285.4,6.999999999659766
285.5,6.999999999692143
285.6,6.999999999721441
285.7,6.999999999747948
285.8,6.999999999771934
285.9,6.999999999793638
286,6.999999999813276
286.1,6.999999999831045
286.2,6.999999999847123
286.3,6.999999999861672
286.4,6.999999999874834
286.5,6.999999999886747
286.6,6.999999999897524
286.7,6.999999999907276
286.8,6.999999999916099
286.9,6.999999999924084
287,6.999999999931308
287.1,6.999999999937845
287.2,6.99999999994376
287.3,6.999999999949111
287.4,6.999999999953954
287.5,6.999999999958336
287.6,6.9999999999623
287.7,6.999999999965889
287.8,6.999999999969135
287.9,6.999999999972072
288,6.99999999997473
288.1,6.999999999977135
288.2,6.999999999979311
288.3,6.999999999981279
288.4,6.999999999983061
288.5,6.999999999984674
288.6,6.999999999986131
288.7,6.999999999987452
288.8,6.999999999988646
288.9,6.999999999989726
289,6.999999999990703
289.1,6.999999999991588
289.2,6.999999999992388
289.3,6.999999999993113
289.4,6.999999999993769
289.5,6.999999999994362
289.6,6.999999999994898
289.7,6.999999999995383
289.8,6.999999999995823
289.9,6.99999999999622
290,6.999999999996581
290.1,6.999999999996906
290.2,6.9999999999972
290.3,6.999999999997467
290.4,6.999999999997708
290.5,6.999999999997925
290.6,6.999999999998122
290.7,6.999999999998302
290.8,6.999999999998463
290.9,6.99999999999861
291,6.999999999998742
291.1,6.999999999998861
291.2,6.99999999999897
291.3,6.999999999999068
291.4,6.999999999999156
291.5,6.999999999999236
291.6,6.999999999999309
291.7,6.999999999999375
291.8,6.999999999999435
291.9,6.999999999999488
292,6.999999999999537
292.1,6.999999999999581
292.2,6.999999999999622
292.3,6.999999999999657
292.4,6.999999999999689
292.5,6.999999999999719
292.6,6.999999999999746
292.7,6.999999999999771
292.8,6.999999999999792
292.9,6.999999999999812
293,6.999999999999829
293.1,6.999999999999846
293.2,6.999999999999861
293.3,6.999999999999874
293.4,6.999999999999886
293.5,6.999999999999897
293.6,6.999999999999907
293.7,6.999999999999916
293.8,6.999999999999924
293.9,6.999999999999931
294,6.999999999999938
294.1,6.999999999999943
294.2,6.999999999999948
294.3,6.999999999999954
294.4,6.999999999999958
294.5,6.999999999999963
294.6,6.999999999999965
294.7,6.999999999999969
294.8,6.999999999999972
294.9,6.999999999999975
295,6.999999999999977
295.1,6.99999999999998
295.2,6.999999999999981
295.3,6.999999999999982
295.4,6.999999999999985
295.5,6.999999999999986
295.6,6.999999999999988
295.7,6.999999999999989
295.8,6.999999999999989
295.9,6.999999999999991
296,6.999999999999991
296.1,6.999999999999992
296.2,6.999999999999993
296.3,6.999999999999995
296.4,6.999999999999995
296.5,6.999999999999995
296.6,6.999999999999996
296.7,6.999999999999996
296.8,6.999999999999996
296.9,6.999999999999996
297,6.999999999999996
297.1,6.999999999999997
297.2,6.999999999999997
297.3,6.999999999999998
297.4,6.999999999999998
297.5,6.999999999999998
297.6,6.999999999999998
297.7,6.999999999999998
297.8,6.999999999999998
297.9,6.999999999999998
298,6.999999999999998
298.1,6.999999999999998
298.2,7
298.3,7
298.4,7
298.5,7
298.6,7
298.7,7
298.8,7
298.9,7
299,7
299.1,7
299.2,7
299.3,7
299.4,7
299.5,7
299.6,7
299.7,7
299.8,7
299.9,7
300,7
