0,2.5
0.1,2.6248959373947
0.2,2.74916998656239
0.3,2.872212584058295
0.4,2.99343830056226
0.5,3.112296656009273
0.6000000000000001,3.228281531128977
0.7000000000000001,3.340938860840831
0.8,3.449872405638062
0.9,3.55474751312502
1,3.655292893150024
1.1,3.751300527975588
1.2,3.842623917495088
1.3,3.929174915212793
1.4,4.010919442792909
1.5,4.087872380968218
1.6,4.160091925669622
1.7,4.227673674582326
1.8,4.290744675497561
1.9,4.349457628185011
2,4.403985389889412
2.1,4.454515894021935
2.2,4.501247554401575
2.3,4.544385194925719
2.4,4.584136517530388
2.5,4.620709099893783
2.6,4.654307898283267
2.7,4.685133219715017
2.8,4.713379120505657
2.9,4.739232184607912
3,4.762870634112167
3.1,4.784463725294569
3.2,4.804171386016178
3.3,4.822144053636819
3.4,4.838522676507748
3.5,4.853438846243218
3.6,4.867015032115671
3.7,4.879364892911655
3.8,4.890593645319348
3.9,4.900798471329614
4,4.910068950189543
4.100000000000001,4.918487503142797
4.2,4.926129841533636
4.3,4.933065410861676
4.4,4.93935782507863
4.5,4.945065286847036
4.600000000000001,4.950240990665479
4.7,4.954933506735762
4.800000000000001,4.959187144234202
4.9,4.963042293278592
5,4.966535745378578
5.100000000000001,4.969700992542081
5.2,4.97256850550275
5.300000000000001,4.975165991749718
5.4,4.977518634195297
5.5,4.979649311420523
5.600000000000001,4.981578800502824
5.7,4.983325963462937
5.800000000000001,4.984907918376463
5.9,4.986340196184949
6,4.987636884216831
6.100000000000001,4.988810757393623
6.2,4.989873398054756
6.300000000000001,4.990835305287543
6.4,4.991705994599136
6.5,4.992494088716324
6.600000000000001,4.993207400247865
6.7,4.993853006893624
6.800000000000001,4.99443731983571
6.9,4.994966145899585
7,4.995444744028012
7.100000000000001,4.995877876568024
7.2,4.996269855830834
7.300000000000001,4.996624586346855
7.4,4.996945603202849
7.5,4.997236106815405
7.600000000000001,4.997498994464628
7.7,4.997736888883826
7.800000000000001,4.997952164175101
7.9,4.998146969296902
8,4.998323249347706
8.1,4.998482764849897
8.200000000000001,4.998627109219539
8.300000000000001,4.998757724590854
8.4,4.99887591614889
8.5,4.998982865109787
8.6,4.999079640475252
8.700000000000001,4.99916720967619
8.800000000000001,4.999246448209786
8.9,4.999318148364695
9,4.999383027120172
9.1,4.999441733296967
9.200000000000001,4.999494854030588
9.300000000000001,4.999542920630878
9.4,4.999586413885896
9.5,4.999625768862618
9.600000000000001,4.99966137925209
9.700000000000001,4.999693601302124
9.800000000000001,4.999722757376616
9.9,4.999749139176835
10,4.999773010656768
10.1,4.999794610661486
10.2,4.999814155314828
10.3,4.999831840180185
10.4,4.999847842215916
10.5,4.99986232154489
10.6,4.999875423055815
10.7,4.999887277852313
10.8,4.999898004564225
10.9,4.999907710534212
11,4.999916492891523
11.1,4.999924439523639
11.2,4.999931629955508
11.3,4.999938136145158
11.4,4.999944023203613
11.5,4.999949350046355
11.6,4.999954169982792
11.7,4.999958531249667
11.8,4.999962477493712
11.9,4.999966048208386
12,4.999969279129063
12.1,4.999972202590625
12.2,4.999974847851025
12.3,4.999977241384077
12.4,4.99997940714437
12.5,4.999981366807
12.6,4.999983139984462
12.7,4.999984744422934
12.8,4.999986196179865
12.9,4.999987509784673
13,4.999988698384149
13.1,4.999989773874024
13.2,4.999990747018022
13.3,4.999991627555584
13.4,4.99999242429933
13.5,4.999993145223262
13.6,4.999993797542569
13.7,4.999994387785828
13.8,4.999994921860352
13.9,4.999995405111302
14,4.999995842375188
14.1,4.999996238028274
14.2,4.999996596030367
14.3,4.999996919964456
14.4,4.999997213072572
14.5,4.99999747828823
14.6,4.999997718265785
14.7,4.99999793540701
14.8,4.99999813188512
14.9,4.999998309666529
15,4.999998470530529
15.1,4.999998616087099
15.2,4.999998747793016
15.3,4.999998866966433
15.4,4.999998974800078
15.5,4.999999072373183
15.6,4.999999160662292
15.7,4.999999240551032
15.8,4.999999312838955
15.9,4.999999378249543
16,4.999999437437444
16.1,4.999999490995032
16.2,4.999999539458329
16.3,4.999999583312372
16.4,4.999999622996067
16.5,4.999999658906579
16.6,4.999999691403315
16.7,4.999999720811512
16.8,4.999999747425497
16.9,4.999999771511632
17,4.999999793310979
17.1,4.999999813041713
17.2,4.999999830901306
17.3,4.999999847068502
17.4,4.99999986170511
17.5,4.999999874957614
17.6,4.999999886958654
17.7,4.999999897828337
17.8,4.999999907675452
17.9,4.999999916598553
18,4.999999924686944
18.1,4.999999932021574
18.2,4.999999938675856
18.3,4.999999944716384
18.4,4.999999950203616
18.5,4.999999955192469
18.6,4.999999959732873
18.7,4.99999996387027
18.8,4.999999967646067
18.9,4.999999971098057
19,4.999999974260786
19.1,4.999999977165909
19.2,4.999999979842499
19.3,4.999999982317348
19.4,4.999999984615222
19.5,4.99999998675912
19.6,4.999999988770498
19.7,4.999999990669489
19.8,4.999999992475097
19.9,4.999999994205392
20,4.999999995877692
20.1,4.999999997508738
20.2,4.999999999114847
20.3,5.000000000712098
20.4,5.000000002316477
20.5,5.000000003944039
20.6,5.000000005611075
20.7,5.000000007334268
20.8,5.000000009130865
20.9,5.000000011018847
21,5.000000013017109
21.1,5.000000015145651
21.2,5.000000017425775
21.3,5.000000019880302
21.4,5.000000022533799
21.5,5.000000025412822
21.6,5.000000028546182
21.7,5.000000031965245
21.8,5.000000035704226
21.9,5.000000039800547
22,5.000000044295205
22.1,5.000000049233184
22.2,5.000000054663905
22.3,5.000000060641721
22.4,5.00000006722646
22.5,5.000000074484023
22.6,5.000000082487048
22.7,5.000000091315631
22.8,5.000000101058133
22.9,5.000000111812056
23,5.000000123685033
23.1,5.000000136795891
23.2,5.000000151275847
23.3,5.000000167269823
23.4,5.000000184937892
23.5,5.000000204456879
23.6,5.000000226022141
23.7,5.000000249849507
23.8,5.000000276177452
23.9,5.000000305269471
24,5.000000337416729
24.1,5.000000372940967
24.2,5.000000412197721
24.3,5.000000455579886
24.4,5.000000503521647
24.5,5.000000556502819
24.6,5.000000615053655
24.7,5.00000067976015
24.8,5.000000751269909
24.9,5.000000830298625
25,5.000000917637241
25.1,5.000001014159871
25.2,5.000001120832543
25.3,5.000001238722871
25.4,5.000001369010739
25.5,5.000001513000107
25.6,5.000001672132067
25.7,5.000001847999258
25.8,5.000002042361811
25.9,5.000002257164968
26,5.000002494558538
26.1,5.000002756918425
26.2,5.000003046870405
26.3,5.000003367316392
26.4,5.000003721463499
26.5,5.000004112856126
26.6,5.000004545411429
26.7,5.000005023458532
26.8,5.00000555178184
26.9,5.000006135668938
27,5.000006780963496
27.1,5.000007494123754
27.2,5.000008282287157
27.3,5.000009153341784
27.4,5.000010116005292
27.5,5.000011179912153
27.6,5.000012355710077
27.7,5.000013655166568
27.8,5.000015091286683
27.9,5.000016678443181
28,5.00001843252035
28.1,5.000020371072966
28.2,5.00002251350196
28.3,5.00002488124856
28.4,5.000027498008842
28.5,5.000030389970846
28.6,5.000033586076619
28.7,5.000037118311807
28.8,5.000041022025701
28.9,5.000045336284918
29,5.000050104264273
29.1,5.000055373678736
29.2,5.000061197260798
29.3,5.000067633288009
29.4,5.000074746165966
29.5,5.000082607072572
29.6,5.000091294670003
29.7,5.000100895891484
29.8,5.000111506810737
29.9,5.000123233602777
30,5.00013619360564
30.1,5.000150516493629
30.2,5.000166345573786
30.3,5.000183839218503
30.4,5.000203172448547
30.5,5.000224538682247
30.6,5.000248151668298
30.7,5.000274247621324
30.8,5.000303087581513
30.9,5.000334960021698
31,5.000370183727786
31.1,5.000409110981083
31.2,5.000452131074038
31.3,5.000499674194204
31.4,5.000552215714775
31.5,5.000610280934062
31.6,5.000674450310606
31.7,5.000745365245432
31.8,5.000823734468227
31.9,5.000910341090017
32,5.001006050391337
32.1,5.001111818421822
32.2,5.001228701494906
32.3,5.001357866669675
32.4,5.001500603321197
32.5,5.001658335910732
32.6,5.001832638078269
32.7,5.002025248191868
32.8,5.002238086501482
32.9,5.002473274059169
33,5.002733153583179
33.1,5.003020312460236
33.2,5.003337608098563
33.3,5.003688195863814
33.4,5.004075559851271
33.5,5.004503546770197
33.6,5.00497640324051
33.7,5.005498816827468
33.8,5.00607596116714
33.9,5.006713545563819
34,5.007417869469895
34.1,5.008195882289026
34.2,5.009055248974119
34.3,5.010004421922233
34.4,5.011052719698303
34.5,5.012210413147683
34.6,5.013488819482819
34.7,5.014900404950167
34.8,5.016458896698348
34.9,5.018179404474749
35,5.020078552772851
35.1,5.022174624032842
35.2,5.024487713459478
35.3,5.027039895958541
35.4,5.029855405600711
35.5,5.032960827891777
35.6,5.036385304952821
35.7,5.040160753482994
35.8,5.044322095079819
35.9,5.048907498114322
36,5.053958629886274
36.1,5.059520917202232
36.2,5.065643812808391
36.3,5.072381064253007
36.4,5.079790980730596
36.5,5.087936692254068
36.6,5.096886394095351
36.7,5.106713567817908
36.8,5.117497168390294
36.9,5.129321764823258
37,5.142277619532701
37.1,5.156460689235254
37.2,5.171972527696607
37.3,5.18892006817099
37.4,5.20741526103004
37.5,5.22757454006373
37.6,5.249518089481768
37.7,5.27336888304457
37.8,5.299251467359056
37.9,5.327290463586839
38,5.357608766066353
38.1,5.390325423088994
38.2,5.425553194701465
38.3,5.463395795250606
38.40000000000001,5.503944844598229
38.5,5.547276571419069
38.6,5.593448334324256
38.7,5.642495050872325
38.8,5.694425649502949
38.90000000000001,5.74921968321465
39,5.806824264109985
39.1,5.867151492124989
39.2,5.930076556617164
39.3,5.995436683495504
39.40000000000001,6.063031081322618
39.5,6.132622006394437
39.6,6.203937019662645
39.7,6.276672449565025
39.8,6.350498008062569
39.90000000000001,6.425062437563184
40,6.5
40.1,6.574937562436821
40.2,6.649501991937436
40.3,6.723327550434981
40.40000000000001,6.79606298033736
40.5,6.867377993605563
40.6,6.936968918677387
40.7,7.0045633165045
40.8,7.06992344338284
40.90000000000001,7.132848507875016
41,7.193175735890015
41.1,7.250780316785354
41.2,7.305574350497055
41.3,7.357504949127678
41.40000000000001,7.406551665675748
41.5,7.452723428580931
41.6,7.496055155401773
41.7,7.536604204749397
41.8,7.574446805298538
41.90000000000001,7.609674576911008
42,7.642391233933647
42.1,7.672709536413162
42.2,7.700748532640945
42.3,7.726631116955433
42.40000000000001,7.750481910518234
42.5,7.77242545993627
42.6,7.79258473896996
42.7,7.811079931829012
42.8,7.828027472303394
42.90000000000001,7.843539310764747
43,7.857722380467299
43.1,7.870678235176742
43.2,7.882502831609707
43.3,7.893286432182093
43.40000000000001,7.903113605904649
43.5,7.912063307745931
43.6,7.920209019269403
43.7,7.927618935746993
43.8,7.934356187191609
43.90000000000001,7.940479082797768
44,7.946041370113726
44.1,7.951092501885677
44.2,7.955677904920181
44.3,7.959839246517006
44.40000000000001,7.963614695047177
44.5,7.967039172108221
44.6,7.970144594399287
44.7,7.972960104041457
44.8,7.97551228654052
44.90000000000001,7.977825375967154
45,7.979921447227145
45.1,7.981820595525248
45.2,7.983541103301649
45.3,7.985099595049829
45.40000000000001,7.986511180517176
45.5,7.987789586852312
45.6,7.988947280301693
45.7,7.98999557807776
45.8,7.990944751025875
45.90000000000001,7.991804117710966
46,7.992582130530096
46.1,7.993286454436171
46.2,7.99392403883285
46.3,7.994501183172522
46.40000000000001,7.995023596759477
46.5,7.995496453229789
46.6,7.995924440148714
46.7,7.996311804136168
46.8,7.996662391901419
46.90000000000001,7.996979687539744
47,7.997266846416798
47.1,7.997526725940805
47.2,7.99776191349849
47.3,7.997974751808101
47.40000000000001,7.998167361921697
47.5,7.99834166408923
47.6,7.998499396678762
47.7,7.998642133330279
47.8,7.998771298505042
47.90000000000001,7.998888181578121
48,7.998993949608601
48.1,7.999089658909913
48.2,7.999176265531696
48.3,7.999254634754482
48.40000000000001,7.9993255496893
48.5,7.999389719065834
48.6,7.99944778428511
48.7,7.999500325805668
48.8,7.999547868925821
48.90000000000001,7.999590889018761
49,7.999629816272041
49.1,7.999665039978112
49.2,7.999696912418277
49.3,7.999725752378444
49.40000000000001,7.999751848331446
49.5,7.999775461317468
49.6,7.99979682755114
49.7,7.999816160781149
49.8,7.999833654425831
49.90000000000001,7.999849483505948
50,7.999863806393892
50.1,7.999876766396706
50.2,7.999888493188692
50.3,7.999899104107884
50.40000000000001,7.999908705329299
50.5,7.999917392926656
50.6,7.999925253833181
50.7,7.999932366711048
50.8,7.999938802738161
50.90000000000001,7.999944626320113
51,7.999949895734456
51.1,7.999954663713677
51.2,7.999958977972746
51.3,7.999962881686477
51.40000000000001,7.999966413921484
51.5,7.999969610027057
51.6,7.999972501988841
51.7,7.999975118748878
51.8,7.999977486495208
51.90000000000001,7.999979628923906
52,7.999981567476193
52.1,7.999983321553
52.2,7.999984908709095
52.3,7.999986344828765
52.40000000000001,7.999987644284765
52.5,7.999988820082148
52.6,7.999989883988409
52.7,7.999990846651254
52.8,7.999991717705149
52.90000000000001,7.999992505867743
53,7.999993219027106
53.1,7.999993864320675
53.2,7.999994448206682
53.3,7.999994976528784
53.40000000000001,7.999995454574551
53.5,7.999995887128379
53.6,7.999996278519376
53.7,7.999996632664685
53.8,7.999996953108681
53.90000000000001,7.99999724305846
54,7.999997505415917
54.1,7.999997742806801
54.2,7.999997957606988
54.3,7.99999815196626
54.40000000000001,7.999998327829824
54.5,7.999998486957775
54.6,7.999998630942715
54.7,7.999998761225686
54.8,7.999998879110604
54.90000000000001,7.999998985777297
55,7.999999082293319
55.1,7.999999169624632
55.2,7.999999248645276
55.3,7.999999320146115
55.40000000000001,7.999999384842753
55.5,7.999999443382694
55.6,7.999999496351824
55.7,7.999999544280278
55.8,7.999999587647737
55.90000000000001,7.999999626888238
56,7.999999662394512
56.1,7.999999694521918
56.2,7.999999723591999
56.3,7.999999749895694
56.40000000000001,7.999999773696264
56.5,7.99999979523191
56.6,7.999999814718167
56.7,7.999999832350063
56.8,7.999999848304064
56.90000000000001,7.999999862739839
57,7.999999875801869
57.1,7.999999887620882
57.2,7.999999898315169
57.3,7.999999907991758
57.40000000000001,7.999999916747498
57.5,7.999999924670019
57.6,7.999999931838612
57.7,7.999999938325025
57.8,7.999999944194172
57.90000000000001,7.999999949504797
58,7.999999954310049
58.1,7.999999958658019
58.2,7.999999962592227
58.3,7.999999966152044
58.40000000000001,7.999999969373099
58.5,7.99999997228763
58.6,7.999999974924807
58.7,7.999999977311022
58.8,7.999999979470159
58.90000000000001,7.999999981423826
59,7.999999983191576
59.1,7.999999984791102
59.2,7.999999986238413
59.3,7.999999987547993
59.40000000000001,7.999999988732949
59.5,7.99999998980514
59.6,7.999999990775297
59.7,7.999999991653132
59.8,7.999999992447428
59.90000000000001,7.999999993166135
60,7.999999993816446
60.1,7.99999999440487
60.2,7.999999994937296
60.3,7.999999995419054
60.40000000000001,7.999999995854963
60.5,7.999999996249387
60.6,7.999999996606274
60.7,7.999999996929196
60.8,7.999999997221384
60.90000000000001,7.999999997485762
61,7.999999997724977
61.1,7.999999997941424
61.2,7.999999998137266
61.3,7.999999998314467
61.40000000000001,7.999999998474798
61.5,7.999999998619865
61.6,7.999999998751117
61.7,7.999999998869871
61.8,7.999999998977315
61.90000000000001,7.999999999074523
62,7.999999999162469
62.1,7.999999999242032
62.2,7.999999999314008
62.3,7.99999999937912
62.40000000000001,7.999999999438018
62.5,7.99999999949129
62.6,7.999999999539471
62.7,7.999999999583045
62.8,7.999999999622444
62.90000000000001,7.999999999658066
63,7.999999999690264
63.1,7.999999999719363
63.2,7.999999999745652
63.3,7.999999999769397
63.40000000000001,7.999999999790834
63.5,7.999999999810177
63.6,7.999999999827621
63.7,7.999999999843339
63.8,7.999999999857488
63.90000000000001,7.999999999870211
64,7.999999999881638
64.10000000000001,7.999999999891878
64.2,7.999999999901036
64.3,7.999999999909202
64.40000000000001,7.999999999916462
64.5,7.999999999922885
64.60000000000001,7.999999999928536
64.7,7.999999999933471
64.8,7.99999999993774
64.90000000000001,7.999999999941388
65,7.999999999944448
65.10000000000001,7.999999999946952
65.2,7.999999999948926
65.3,7.999999999950388
65.40000000000001,7.999999999951354
65.5,7.999999999951832
65.60000000000001,7.99999999995183
65.7,7.999999999951344
65.8,7.99999999995037
65.90000000000001,7.999999999948902
66,7.999999999946922
66.10000000000001,7.99999999994441
66.2,7.999999999941342
66.3,7.999999999937686
66.40000000000001,7.999999999933407
66.5,7.999999999928462
66.60000000000001,7.9999999999228
66.7,7.999999999916366
66.8,7.999999999909096
66.90000000000001,7.999999999900915
67,7.999999999891743
67.10000000000001,7.999999999881487
67.2,7.999999999870044
67.3,7.999999999857302
67.40000000000001,7.999999999843131
67.5,7.999999999827391
67.60000000000001,7.999999999809922
67.7,7.999999999790552
67.8,7.999999999769084
67.90000000000001,7.999999999745307
68,7.999999999718979
68.10000000000001,7.999999999689838
68.2,7.999999999657596
68.3,7.999999999621925
68.40000000000001,7.99999999958247
68.5,7.999999999538836
68.60000000000001,7.999999999490587
68.7,7.999999999437239
68.8,7.999999999378261
68.90000000000001,7.999999999313058
69,7.99999999924098
69.10000000000001,7.999999999161306
69.2,7.999999999073239
69.3,7.999999998975897
69.40000000000001,7.999999998868303
69.5,7.999999998749384
69.60000000000001,7.999999998617948
69.7,7.999999998472681
69.8,7.999999998312127
69.90000000000001,7.999999998134681
70,7.999999997938565
70.10000000000001,7.999999997721819
70.2,7.999999997482272
70.3,7.999999997217526
70.40000000000001,7.999999996924932
70.5,7.999999996601562
70.60000000000001,7.999999996244179
70.7,7.999999995849207
70.8,7.999999995412693
70.90000000000001,7.999999994930266
71,7.999999994397101
71.10000000000001,7.999999993807859
71.2,7.999999993156645
71.3,7.99999999243694
71.40000000000001,7.99999999164154
71.5,7.999999990762488
71.60000000000001,7.999999989790982
71.7,7.999999988717303
71.8,7.999999987530702
71.90000000000001,7.999999986219303
72,7.999999984769983
72.10000000000001,7.999999983168235
72.2,7.99999998139803
72.3,7.999999979441649
72.40000000000001,7.999999977279516
72.5,7.999999974889986
72.60000000000001,7.999999972249148
72.7,7.999999969330569
72.8,7.99999996610504
72.90000000000001,7.999999962540281
73,7.99999995860061
73.10000000000001,7.999999954246602
73.2,7.999999949434678
73.3,7.999999944116679
73.40000000000001,7.999999938239381
73.5,7.999999931743962
73.60000000000001,7.999999924565414
73.7,7.999999916631892
73.8,7.999999907863995
73.90000000000001,7.999999898173968
74,7.999999887464833
74.10000000000001,7.999999875629409
74.2,7.999999862549243
74.3,7.999999848093423
74.40000000000001,7.999999832117272
74.5,7.999999814460895
74.60000000000001,7.999999794947581
74.7,7.999999773382036
74.8,7.999999749548424
74.90000000000001,7.999999723208209
75,7.999999694097771
75.10000000000001,7.999999661925764
75.2,7.9999996263702
75.3,7.999999587075227
75.40000000000001,7.999999543647569
75.5,7.99999949565259
75.60000000000001,7.99999944260994
75.7,7.999999383988754
75.8,7.999999319202329
75.90000000000001,7.999999247602267
76,7.999999168471972
76.10000000000001,7.999999081019487
76.2,7.999998984369561
76.3,7.999998877554894
76.40000000000001,7.999998759506459
76.5,7.999998629042794
76.60000000000001,7.999998484858184
76.7,7.999998325509594
76.80000000000001,7.999998149402227
76.90000000000001,7.999997954773558
77,7.999997739675702
77.10000000000001,7.999997501955915
77.2,7.99999723923505
77.30000000000001,7.999996948883751
77.40000000000001,7.999996627996136
77.5,7.999996273360716
77.60000000000001,7.999995881428255
77.7,7.999995448276255
77.80000000000001,7.999994969569698
77.90000000000001,7.999994440517666
78,7.999993855825398
78.10000000000001,7.999993209641302
78.2,7.999992495498403
78.30000000000001,7.999991706249626
78.40000000000001,7.99999083399628
78.5,7.999989870009019
78.60000000000001,7.999988804640495
78.7,7.999987627228825
78.80000000000001,7.999986325990915
78.90000000000001,7.999984887904559
79,7.999983298578152
79.10000000000001,7.999981542106704
79.2,7.99997960091272
79.30000000000001,7.99997745557035
79.40000000000001,7.99997508461106
79.5,7.999972464308885
79.60000000000001,7.9999695684431
79.7,7.999966368035961
79.80000000000001,7.999962831062897
79.90000000000001,7.999958922132235
80,7.999954602131297
80.10000000000001,7.999949827835316
80.2,7.999944551475277
80.30000000000001,7.999938720260383
80.40000000000001,7.99993227585038
80.5,7.999925153772489
80.60000000000001,7.999917282777148
80.7,7.999908584126148
80.80000000000001,7.999898970806092
80.90000000000001,7.999888346659371
81,7.999876605424014
81.10000000000001,7.99986362967292
81.2,7.99984928964194
81.30000000000001,7.999833441935222
81.40000000000001,7.999815928095036
81.5,7.999796573021944
81.60000000000001,7.999775183229767
81.7,7.999751544918161
81.80000000000001,7.999725421843898
81.90000000000001,7.999696552969971
82,7.999664649869533
82.10000000000001,7.999629393859373
82.2,7.999590432835014
82.30000000000001,7.99954737777676
82.40000000000001,7.999499798892921
82.5,7.999447221363076
82.60000000000001,7.999389120640566
82.7,7.999324917269367
82.80000000000001,7.999253971166163
82.90000000000001,7.999175575313601
83,7.999088948805599
83.10000000000001,7.998993229179915
83.2,7.998887463967139
83.30000000000001,7.998770601378722
83.40000000000001,7.998641480049571
83.5,7.998498817743263
83.60000000000001,7.998341198919825
83.7,7.998167061057507
83.80000000000001,7.99797467961095
83.90000000000001,7.997762151478724
84,7.997527376843365
84.10000000000001,7.997268039236989
84.2,7.996981583675292
84.30000000000001,7.996665192692586
84.40000000000001,7.996315760100564
84.5,7.995929862284104
84.60000000000001,7.995503726839059
84.7,7.995033198349943
84.80000000000001,7.99451370110055
84.90000000000001,7.993940198508416
85,7.993307149075715
85.10000000000001,7.992608458655718
85.2,7.99183742884684
85.30000000000001,7.990986701347152
85.40000000000001,7.990048198133096
85.5,7.989013057369407
85.60000000000001,7.987871565015726
85.7,7.986613082172335
85.80000000000001,7.985225968306727
85.90000000000001,7.983697500628559
86,7.982013790037908
86.10000000000001,7.980159694265923
86.2,7.978118729063869
86.30000000000001,7.975872978582331
86.40000000000001,7.973403006423134
86.5,7.970687769248643
86.60000000000001,7.967704535301549
86.7,7.964428810727363
86.80000000000001,7.960834277203235
86.90000000000001,7.956892745058914
87,7.952574126822433
87.10000000000001,7.947846436921582
87.2,7.942675824101131
87.30000000000001,7.937026643943003
87.40000000000001,7.930861579656653
87.5,7.924141819978757
87.60000000000001,7.916827303506077
87.7,7.908877038985143
87.80000000000001,7.900249510880314
87.90000000000001,7.890903178804386
88,7.880797077977882
88.10000000000001,7.869891525637001
88.2,7.858148935099512
88.30000000000001,7.845534734916463
88.40000000000001,7.832018385133924
88.5,7.817574476193643
88.60000000000001,7.802183888558581
88.7,7.785834983042558
88.80000000000001,7.768524783499015
88.90000000000001,7.750260105595117
89,7.731058578630005
89.10000000000001,7.710949502625002
89.2,7.689974481127612
89.30000000000001,7.668187772168164
89.40000000000001,7.645656306225794
89.5,7.622459331201854
89.60000000000001,7.59868766011245
89.7,7.574442516811658
89.80000000000001,7.549833997312475
89.90000000000001,7.524979187478938
90,7.5
90.10000000000001,7.475020812521058
90.2,7.450166002687522
90.30000000000001,7.425557483188339
90.40000000000001,7.401312339887546
90.5,7.377540668798146
90.60000000000001,7.354343693774203
90.7,7.331812227831834
90.80000000000001,7.310025518872385
90.90000000000001,7.289050497374995
91,7.268941421369995
91.10000000000001,7.249739894404881
91.2,7.231475216500982
91.30000000000001,7.214165016957439
91.40000000000001,7.197816111441417
91.5,7.182425523806357
91.60000000000001,7.167981614866075
91.7,7.154465265083534
91.80000000000001,7.141851064900487
91.90000000000001,7.130108474362997
92,7.119202922022118
92.10000000000001,7.109096821195612
92.2,7.099750489119685
92.30000000000001,7.091122961014856
92.40000000000001,7.083172696493922
92.5,7.075858180021243
92.60000000000001,7.069138420343346
92.7,7.062973356056997
92.80000000000001,7.057324175898868
92.90000000000001,7.052153563078417
93,7.047425873177566
93.10000000000001,7.043107254941086
93.2,7.039165722796764
93.30000000000001,7.035571189272636
93.40000000000001,7.032295464698451
93.5,7.029312230751357
93.60000000000001,7.026596993576866
93.7,7.024127021417669
93.80000000000001,7.02188127093613
93.90000000000001,7.019840305734077
94,7.017986209962092
94.10000000000001,7.016302499371441
94.2,7.014774031693273
94.30000000000001,7.013386917827665
94.40000000000001,7.012128434984274
94.5,7.010986942630593
94.60000000000001,7.009951801866904
94.7,7.009013298652848
94.80000000000001,7.00816257115316
94.90000000000001,7.007391541344282
95,7.006692850924285
95.10000000000001,7.006059801491584
95.2,7.00548629889945
95.30000000000001,7.004966801650057
95.40000000000001,7.004496273160941
95.5,7.004070137715896
95.60000000000001,7.003684239899436
95.7,7.003334807307414
95.80000000000001,7.003018416324708
95.90000000000001,7.002731960763011
96,7.002472623156635
96.10000000000001,7.002237848521276
96.2,7.00202532038905
96.30000000000001,7.001832938942493
96.40000000000001,7.001658801080175
96.5,7.001501182256737
96.60000000000001,7.001358519950429
96.7,7.001229398621278
96.80000000000001,7.00111253603286
96.90000000000001,7.001006770820085
97,7.0009110511944
97.10000000000001,7.000824424686399
97.2,7.000746028833837
97.30000000000001,7.000675082730632
97.40000000000001,7.000610879359434
97.5,7.000552778636924
97.60000000000001,7.000500201107079
97.7,7.00045262222324
97.80000000000001,7.000409567164986
97.90000000000001,7.000370606140627
98,7.000335350130467
98.10000000000001,7.000303447030029
98.2,7.000274578156102
98.30000000000001,7.00024845508184
98.40000000000001,7.000224816770233
98.5,7.000203426978056
98.60000000000001,7.000184071904965
98.7,7.000166558064778
98.80000000000001,7.000150710358061
98.90000000000001,7.00013637032708
99,7.000123394575987
99.10000000000001,7.000111653340631
99.2,7.000101029193909
99.30000000000001,7.000091415873853
99.40000000000001,7.000082717222853
99.5,7.000074846227512
99.60000000000001,7.000067724149621
99.7,7.000061279739619
99.80000000000001,7.000055448524725
99.90000000000001,7.000050172164686
100,7.000045397868704
100.1,7.000041077867767
100.2,7.000037168937106
100.3,7.000033631964041
100.4,7.000030431556904
100.5,7.000027535691118
100.6,7.000024915388943
100.7,7.000022544429654
100.8,7.000020399087284
100.9,7.0000184578933
101,7.000016701421854
101.1,7.000015112095446
101.2,7.00001367400909
101.3,7.000012372771182
101.4,7.000011195359513
101.5,7.00001012999099
101.6,7.000009166003729
101.7,7.000008293750384
101.8,7.000007504501609
101.9,7.000006790358711
102,7.000006144174616
102.1,7.000005559482348
102.2,7.000005030430319
102.3,7.000004551723763
102.4,7.000004118571765
102.5,7.000003726639307
102.6,7.000003372003889
102.7,7.000003051116277
102.8,7.000002760764981
102.9,7.00000249804412
103,7.000002260324336
103.1,7.000002045226483
103.2,7.000001850597819
103.3,7.000001674490457
103.4,7.000001515141873
103.5,7.00000137095727
103.6,7.00000124049361
103.7,7.000001122445182
103.8,7.000001015630524
103.9,7.000000918980606
104,7.000000831528131
104.1,7.000000752397848
104.2,7.000000680797797
104.3,7.000000616011386
104.4,7.000000557390212
104.5,7.000000504347579
104.6,7.000000456352617
104.7,7.000000412924979
104.8,7.000000373630028
104.9,7.000000338074488
105,7.000000305902508
105.1,7.000000276792099
105.2,7.000000250451917
105.3,7.000000226618341
105.4,7.000000205052834
105.5,7.000000185539565
105.6,7.000000167883236
105.7,7.000000151907138
105.8,7.000000137451378
105.9,7.000000124371277
106,7.000000112535925
106.1,7.00000010182687
106.2,7.000000092136932
106.3,7.000000083369131
106.4,7.000000075435716
106.5,7.000000068257288
106.6,7.000000061762
106.7,7.000000055884847
106.8,7.000000050567009
106.9,7.000000045755263
107,7.000000041401449
107.1,7.000000037461996
107.2,7.000000033897476
107.3,7.000000030672212
107.4,7.000000027753926
107.5,7.000000025113411
107.6,7.000000022724239
107.7,7.000000020562499
107.8,7.000000018606555
107.9,7.000000016836832
108,7.000000015235617
108.1,7.000000013786886
108.2,7.000000012476139
108.3,7.000000011290259
108.4,7.000000010217373
108.5,7.000000009246746
108.6,7.000000008368665
108.7,7.000000007574338
108.8,7.00000000685582
108.9,7.000000006205917
109,7.000000005618124
109.1,7.000000005086559
109.2,7.000000004605903
109.3,7.000000004171342
109.4,7.000000003778532
109.5,7.000000003423539
109.6,7.000000003102808
109.7,7.000000002813132
109.8,7.00000000255161
109.9,7.000000002315626
110,7.000000002102817
110.1,7.000000001911054
110.2,7.000000001738418
110.3,7.000000001583181
110.4,7.000000001443787
110.5,7.000000001318845
110.6,7.000000001207101
110.7,7.000000001107439
110.8,7.000000001018861
110.9,7.000000000940479
111,7.00000000087151
111.1,7.000000000811263
111.2,7.000000000759136
111.3,7.000000000714607
111.4,7.00000000067723
111.5,7.00000000064663
111.6,7.000000000622502
111.7,7.000000000604604
111.8,7.000000000592758
111.9,7.000000000586844
112,7.000000000586803
112.1,7.000000000592635
112.2,7.000000000604399
112.3,7.000000000622212
112.4,7.000000000646252
112.5,7.000000000676759
112.6,7.00000000071404
112.7,7.000000000758468
112.8,7.000000000810486
112.9,7.000000000870616
113,7.000000000939459
113.1,7.000000001017705
113.2,7.000000001106137
113.3,7.000000001205638
113.4,7.000000001317207
113.5,7.000000001441959
113.6,7.000000001581141
113.7,7.000000001736149
113.8,7.000000001908532
113.9,7.000000002100017
114,7.000000002312519
114.1,7.000000002548167
114.2,7.000000002809316
114.3,7.000000003098583
114.4,7.000000003418862
114.5,7.000000003773356
114.6,7.000000004165616
114.7,7.000000004599567
114.8,7.000000005079552
114.9,7.000000005610375
115,7.000000006197348
115.1,7.000000006846347
115.2,7.000000007563867
115.3,7.000000008357087
115.4,7.00000000923395
115.5,7.000000010203227
115.6,7.000000011274623
115.7,7.000000012458858
115.8,7.000000013767785
115.9,7.000000015214506
116,7.000000016813498
116.1,7.000000018580766
116.2,7.000000020533996
116.3,7.000000022692737
116.4,7.000000025078595
116.5,7.000000027715448
116.6,7.000000030629685
116.7,7.000000033850475
116.8,7.000000037410054
116.9,7.000000041344044
117,7.000000045691818
117.1,7.000000050496892
117.2,7.000000055807355
117.3,7.000000061676358
117.4,7.000000068162637
117.5,7.000000075331113
117.6,7.000000083253526
117.7,7.000000092009169
117.8,7.000000101685671
117.9,7.000000112379876
118,7.000000124198817
118.1,7.000000137260782
118.2,7.0000001516965
118.3,7.000000167650445
118.4,7.000000185282293
118.5,7.000000204768506
118.6,7.000000226304112
118.7,7.000000250104645
118.8,7.00000027640831
118.9,7.00000030547836
119,7.00000033760574
119.1,7.000000373111991
119.2,7.00000041235247
119.3,7.000000455719909
119.4,7.000000503648345
119.5,7.00000055661746
119.6,7.000000615157386
119.7,7.00000067985401
119.8,7.000000751354838
119.9,7.000000830375471
120,7.000000917706774
120.1,7.000001014222787
120.2,7.000001120889472
120.3,7.000001238774383
120.4,7.000001369057347
120.5,7.000001513042282
120.6,7.000001672170227
120.7,7.000001848033786
120.8,7.000002042393055
120.9,7.000002257193238
121,7.000002494584118
121.1,7.000002756941571
121.2,7.000003046891347
121.3,7.000003367335342
121.4,7.000003721480646
121.5,7.000004112871641
121.6,7.000004545425468
121.7,7.000005023471234
121.8,7.000005551793334
121.9,7.000006135679339
122,7.000006780972906
122.1,7.000007494132269
122.2,7.000008282294861
122.3,7.000009153348755
122.4,7.0000101160116
122.5,7.000011179917861
122.6,7.000012355715241
122.7,7.000013655171241
122.8,7.00001509129091
122.9,7.000016678447007
123,7.000018432523811
123.1,7.000020371076099
123.2,7.000022513504795
123.3,7.000024881251125
123.4,7.000027498011163
123.5,7.000030389972945
123.6,7.000033586078518
123.7,7.000037118313525
123.8,7.000041022027256
123.9,7.000045336286325
124,7.000050104265546
124.1,7.000055373679889
124.2,7.000061197261841
124.3,7.000067633288953
124.4,7.00007474616682
124.5,7.000082607073344
124.6,7.000091294670702
124.7,7.000100895892117
124.8,7.00011150681131
124.9,7.000123233603295
125,7.000136193606108
125.1,7.000150516494053
125.2,7.000166345574169
125.3,7.00018383921885
125.4,7.00020317244886
125.5,7.000224538682532
125.6,7.000248151668555
125.7,7.000274247621556
125.8,7.000303087581723
125.9,7.000334960021888
126,7.000370183727958
126.1,7.000409110981239
126.2,7.000452131074179
126.3,7.000499674194332
126.4,7.00055221571489
126.5,7.000610280934166
126.6,7.0006744503107
126.7,7.000745365245518
126.8,7.000823734468304
126.9,7.000910341090087
127,7.0010060503914
127.1,7.001111818421879
127.2,7.001228701494958
127.3,7.001357866669721
127.4,7.001500603321238
127.5,7.001658335910771
127.6,7.001832638078303
127.7,7.002025248191899
127.8,7.00223808650151
127.9,7.002473274059195
128,7.002733153583202
128.1,7.003020312460257
128.2,7.003337608098581
128.3,7.003688195863832
128.4,7.004075559851286
128.5,7.004503546770211
128.6,7.004976403240523
128.7,7.005498816827479
128.8,7.006075961167149
128.9,7.006713545563829
129,7.007417869469904
129.1,7.008195882289034
129.2,7.009055248974126
129.3,7.01000442192224
129.4,7.011052719698308
129.5,7.012210413147688
129.6,7.013488819482824
129.7,7.014900404950171
129.8,7.016458896698351
129.9,7.018179404474752
130,7.020078552772855
130.1,7.022174624032846
130.2,7.024487713459481
130.3,7.027039895958544
130.4,7.029855405600713
130.5,7.032960827891779
130.6,7.036385304952822
130.7,7.040160753482995
130.8,7.04432209507982
130.9,7.048907498114323
131,7.053958629886274
131.1,7.059520917202232
131.2,7.065643812808393
131.3,7.072381064253008
131.4,7.079790980730598
131.5,7.087936692254069
131.6,7.096886394095351
131.7,7.10671356781791
131.8,7.117497168390295
131.9,7.129321764823259
132,7.142277619532701
132.1,7.156460689235252
132.2,7.171972527696609
132.3,7.188920068170992
132.4,7.207415261030041
132.5,7.22757454006373
132.6,7.249518089481766
132.7,7.273368883044572
132.8,7.299251467359058
132.9,7.327290463586841
133,7.357608766066353
133.1,7.390325423088991
133.2,7.42555319470147
133.3,7.463395795250609
133.4,7.503944844598229
133.5,7.547276571419069
133.6,7.593448334324252
133.7,7.642495050872332
133.8,7.694425649502953
133.9,7.74921968321465
134,7.806824264109985
134.1,7.867151492124985
134.2,7.930076556617173
134.3,7.995436683495509
134.4,8.063031081322617
134.5,8.132622006394437
134.6,8.203937019662639
134.7,8.276672449565035
134.8,8.350498008062575
134.9,8.425062437563184
135,8.5
135.1,8.574937562436816
135.2,8.649501991937447
135.3,8.723327550434986
135.4,8.796062980337361
135.5,8.867377993605563
135.6,8.936968918677383
135.7,9.004563316504509
135.8,9.069923443382844
135.9,9.132848507875016
136,9.193175735890016
136.1,9.250780316785349
136.2,9.305574350497062
136.3,9.357504949127682
136.4,9.406551665675748
136.5,9.452723428580931
136.6,9.496055155401772
136.7,9.536604204749402
136.8,9.574446805298541
136.9,9.609674576911008
137,9.642391233933647
137.1,9.67270953641316
137.2,9.700748532640949
137.3,9.726631116955435
137.4,9.750481910518234
137.5,9.772425459936269
137.6,9.792584738969959
137.7,9.811079931829013
137.8,9.828027472303395
137.9,9.843539310764747
138,9.857722380467299
138.1,9.87067823517674
138.2,9.88250283160971
138.3,9.893286432182093
138.4,9.903113605904649
138.5,9.912063307745932
138.6,9.920209019269402
138.7,9.927618935746994
138.8,9.934356187191609
138.9,9.940479082797768
139,9.946041370113726
139.1,9.951092501885677
139.2,9.955677904920181
139.3,9.959839246517006
139.4,9.963614695047177
139.5,9.967039172108221
139.6,9.970144594399287
139.7,9.972960104041457
139.8,9.975512286540521
139.9,9.977825375967154
140,9.979921447227145
140.1,9.981820595525248
140.2,9.983541103301649
140.3,9.98509959504983
140.4,9.986511180517176
140.5,9.987789586852312
140.6,9.988947280301691
140.7,9.98999557807776
140.8,9.990944751025875
140.9,9.991804117710966
141,9.992582130530096
141.1,9.99328645443617
141.2,9.99392403883285
141.3,9.994501183172522
141.4,9.995023596759477
141.5,9.995496453229789
141.6,9.995924440148713
141.7,9.996311804136168
141.8,9.99666239190142
141.9,9.996979687539744
142,9.997266846416798
142.1,9.997526725940805
142.2,9.99776191349849
142.3,9.997974751808101
142.4,9.998167361921697
142.5,9.99834166408923
142.6,9.998499396678762
142.7,9.998642133330279
142.8,9.998771298505041
142.9,9.998888181578121
143,9.9989939496086
143.1,9.999089658909913
143.2,9.999176265531696
143.3,9.999254634754482
143.4,9.999325549689299
143.5,9.999389719065835
143.6,9.99944778428511
143.7,9.999500325805668
143.8,9.99954786892582
143.9,9.999590889018762
144,9.999629816272041
144.1,9.999665039978112
144.2,9.999696912418276
144.3,9.999725752378444
144.4,9.999751848331446
144.5,9.999775461317469
144.6,9.99979682755114
144.7,9.999816160781149
144.8,9.999833654425831
144.9,9.999849483505947
145,9.999863806393893
145.1,9.999876766396707
145.2,9.999888493188692
145.3,9.999899104107884
145.4,9.999908705329299
145.5,9.999917392926656
145.6,9.999925253833181
145.7,9.999932366711048
145.8,9.999938802738161
145.9,9.999944626320113
146,9.999949895734456
146.1,9.999954663713677
146.2,9.999958977972746
146.3,9.999962881686477
146.4,9.999966413921484
146.5,9.999969610027058
146.6,9.999972501988841
146.7,9.999975118748878
146.8,9.999977486495208
146.9,9.999979628923906
147,9.999981567476194
147.1,9.999983321553
147.2,9.999984908709095
147.3,9.999986344828766
147.4,9.999987644284765
147.5,9.999988820082148
147.6,9.999989883988409
147.7,9.999990846651254
147.8,9.99999171770515
147.9,9.999992505867743
148,9.999993219027106
148.1,9.999993864320675
148.2,9.999994448206682
148.3,9.999994976528784
148.4,9.999995454574551
148.5,9.999995887128378
148.6,9.999996278519376
148.7,9.999996632664685
148.8,9.999996953108681
148.9,9.999997243058459
149,9.999997505415916
149.1,9.999997742806801
149.2,9.999997957606988
149.3,9.99999815196626
149.4,9.999998327829825
149.5,9.999998486957775
149.6,9.999998630942715
149.7,9.999998761225687
149.8,9.999998879110606
149.9,9.999998985777298
150,9.99999908229332
150.1,9.999999169624633
150.2,9.999999248645278
150.3,9.999999320146117
150.4,9.999999384842754
150.5,9.999999443382695
150.6,9.999999496351826
150.7,9.999999544280278
150.8,9.999999587647739
150.9,9.99999962688824
151,9.999999662394513
151.1,9.99999969452192
151.2,9.999999723592001
151.3,9.999999749895697
151.4,9.999999773696267
151.5,9.999999795231913
151.6,9.999999814718171
151.7,9.999999832350067
151.8,9.999999848304068
151.9,9.999999862739843
152,9.999999875801873
152.1,9.999999887620888
152.2,9.999999898315174
152.3,9.999999907991764
152.4,9.999999916747505
152.5,9.999999924670027
152.6,9.999999931838621
152.7,9.999999938325034
152.8,9.999999944194183
152.9,9.999999949504808
153,9.999999954310061
153.1,9.999999958658034
153.2,9.999999962592241
153.3,9.99999996615206
153.4,9.999999969373118
153.5,9.99999997228765
153.6,9.99999997492483
153.7,9.999999977311049
153.8,9.999999979470187
153.9,9.999999981423857
154,9.999999983191611
154.1,9.99999998479114
154.2,9.999999986238455
154.3,9.999999987548039
154.4,9.999999988733
154.5,9.999999989805197
154.6,9.999999990775361
154.7,9.999999991653201
154.8,9.999999992447504
154.9,9.99999999316622
155,9.999999993816539
155.1,9.999999994404973
155.2,9.999999994937411
155.3,9.999999995419181
155.4,9.999999995855102
155.5,9.999999996249542
155.6,9.999999996606444
155.7,9.999999996929384
155.8,9.999999997221591
155.9,9.999999997485993
156,9.999999997725231
156.1,9.999999997941705
156.2,9.999999998137577
156.3,9.999999998314809
156.4,9.999999998475177
156.5,9.999999998620284
156.6,9.99999999875158
156.7,9.999999998870383
156.8,9.999999998977881
156.9,9.999999999075149
157,9.99999999916316
157.1,9.999999999242796
157.2,9.999999999314852
157.3,9.999999999380053
157.4,9.99999999943905
157.5,9.999999999492431
157.6,9.999999999540732
157.7,9.999999999584437
157.8,9.999999999623984
157.9,9.999999999659767
158,9.999999999692143
158.1,9.999999999721441
158.2,9.999999999747949
158.3,9.999999999771932
158.4,9.999999999793635
158.5,9.999999999813275
158.6,9.999999999831044
158.7,9.999999999847121
158.8,9.99999999986167
158.9,9.999999999874833
159,9.999999999886745
159.1,9.999999999897522
159.2,9.999999999907274
159.3,9.999999999916097
159.4,9.99999999992408
159.5,9.999999999931305
159.6,9.999999999937842
159.7,9.999999999943757
159.8,9.999999999949107
159.9,9.999999999953948
160,9.99999999995833
160.1,9.999999999962295
160.2,9.999999999965883
160.3,9.999999999969127
160.4,9.999999999972065
160.5,9.999999999974721
160.6,9.999999999977126
160.7,9.9999999999793
160.8,9.999999999981268
160.9,9.999999999983048
161,9.999999999984659
161.1,9.999999999986114
161.2,9.999999999987436
161.3,9.999999999988628
161.4,9.999999999989704
161.5,9.999999999990679
161.6,9.999999999991562
161.7,9.99999999999236
161.8,9.999999999993083
161.9,9.999999999993735
162,9.999999999994325
162.1,9.999999999994857
162.2,9.999999999995337
162.3,9.999999999995772
162.4,9.999999999996165
162.5,9.999999999996518
162.6,9.999999999996838
162.7,9.999999999997126
162.8,9.999999999997383
162.9,9.999999999997616
163,9.999999999997824
163.1,9.99999999999801
163.2,9.999999999998177
163.3,9.999999999998327
163.4,9.99999999999846
163.5,9.999999999998575
163.6,9.999999999998677
163.7,9.999999999998765
163.8,9.999999999998844
163.9,9.999999999998908
164,9.999999999998961
164.1,9.999999999999005
164.2,9.999999999999039
164.3,9.999999999999064
164.4,9.999999999999078
164.5,9.999999999999083
164.6,9.99999999999908
164.7,9.999999999999067
164.8,9.999999999999044
164.9,9.999999999999012
165,9.999999999998971
165.1,9.999999999998918
165.2,9.999999999998856
165.3,9.999999999998781
165.4,9.999999999998694
165.5,9.999999999998595
165.6,9.999999999998483
165.7,9.999999999998353
165.8,9.999999999998208
165.9,9.999999999998044
166,9.999999999997861
166.1,9.999999999997659
166.2,9.99999999999743
166.3,9.999999999997177
166.4,9.999999999996895
166.5,9.999999999996582
166.6,9.999999999996236
166.7,9.99999999999585
166.8,9.999999999995424
166.9,9.999999999994952
167,9.999999999994431
167.1,9.999999999993852
167.2,9.999999999993213
167.3,9.999999999992506
167.4,9.999999999991724
167.5,9.999999999990857
167.6,9.9999999999899
167.7,9.999999999988843
167.8,9.999999999987672
167.9,9.999999999986381
168,9.999999999984949
168.1,9.99999999998337
168.2,9.999999999981624
168.3,9.999999999979693
168.4,9.999999999977559
168.5,9.9999999999752
168.6,9.999999999972594
168.7,9.999999999969713
168.8,9.999999999966532
168.9,9.999999999963011
169,9.999999999959122
169.1,9.999999999954825
169.2,9.999999999950074
169.3,9.999999999944825
169.4,9.999999999939021
169.5,9.999999999932609
169.6,9.999999999925521
169.7,9.999999999917689
169.8,9.999999999909035
169.9,9.999999999899467
170,9.999999999888894
170.1,9.999999999877209
170.2,9.999999999864295
170.3,9.999999999850024
170.4,9.999999999834252
170.5,9.99999999981682
170.6,9.999999999797554
170.7,9.999999999776264
170.8,9.999999999752735
170.9,9.999999999726729
171,9.999999999697989
171.1,9.999999999666226
171.2,9.999999999631124
171.3,9.999999999592328
171.4,9.999999999549454
171.5,9.999999999502068
171.6,9.999999999449701
171.7,9.999999999391825
171.8,9.999999999327862
171.9,9.999999999257174
172,9.99999999917905
172.1,9.99999999909271
172.2,9.999999998997289
172.3,9.999999998891832
172.4,9.999999998775285
172.5,9.999999998646482
172.6,9.999999998504132
172.7,9.999999998346809
172.8,9.999999998172941
172.9,9.999999997980789
173,9.999999997768425
173.1,9.999999997533729
173.2,9.999999997274349
173.3,9.99999999698769
173.4,9.999999996670882
173.5,9.999999996320756
173.6,9.999999995933806
173.7,9.99999999550616
173.8,9.999999995033539
173.9,9.999999994511212
174,9.999999993933951
174.1,9.99999999329598
174.2,9.999999992590912
174.3,9.999999991811691
174.4,9.999999990950519
174.5,9.999999989998777
174.6,9.999999988946939
174.7,9.999999987784479
174.8,9.999999986499761
174.9,9.999999985079929
175,9.99999998351077
175.1,9.999999981776584
175.2,9.999999979860011
175.3,9.999999977741869
175.4,9.999999975400961
175.5,9.999999972813857
175.6,9.999999969954667
175.7,9.999999966794771
175.8,9.999999963302546
175.9,9.999999959443041
176,9.999999955177628
176.1,9.99999995046362
176.2,9.999999945253832
176.3,9.999999939496128
176.4,9.99999993313288
176.5,9.999999926100404
176.6,9.999999918328315
176.7,9.999999909738829
176.8,9.99999990024598
176.9,9.999999889754758
177,9.999999878160164
177.1,9.999999865346156
177.2,9.999999851184489
177.3,9.999999835533425
177.4,9.999999818236324
177.5,9.999999799120072
177.6,9.999999777993347
177.7,9.999999754644705
177.8,9.999999728840463
177.9,9.999999700322366
178,9.999999668804996
178.1,9.999999633972916
178.2,9.999999595477513
178.3,9.999999552933513
178.4,9.999999505915124
178.5,9.999999453951768
178.6,9.999999396523377
178.7,9.999999333055193
178.8,9.999999262912
178.9,9.999999185391788
179,9.999999099718705
179.1,9.999999005035306
179.2,9.999998900393971
179.3,9.999998784747412
179.4,9.999998656938203
179.5,9.999998515687187
179.6,9.999998359580678
179.7,9.99999818705631
179.8,9.999997996387405
179.9,9.999997785665688
180,9.999997552782187
180.1,9.99999729540613
180.2,9.999997010961616
180.3,9.999996696601835
180.4,9.999996349180575
180.5,9.999995965220737
180.6,9.999995540879537
180.7,9.999995071910032
180.8,9.999994553618638
180.9,9.999993980818141
181,9.999993347775785
181.1,9.999992648155899
181.2,9.999991874956493
181.3,9.999991020439166
181.4,9.999990076051681
181.5,9.999989032342356
181.6,9.999987878865481
181.7,9.999986604076771
181.8,9.999985195217834
181.9,9.999983638188484
182,9.999981917405634
182.1,9.999980015647337
182.2,9.999977913880421
182.3,9.999975591070035
182.4,9.999973023969119
182.5,9.999970186885756
182.6,9.999967051426076
182.7,9.999963586210079
182.8,9.999959756557628
182.9,9.999955524141377
183,9.999950846603234
183.1,9.999945677130473
183.2,9.999939963987286
183.3,9.999933649997077
183.4,9.999926671970318
183.5,9.999918960072236
183.6,9.999910437124051
183.7,9.999901017830705
183.8,9.999890607927435
183.9,9.999879103236596
184,9.999866388625353
184.1,9.999852336853788
184.2,9.999836807301929
184.3,9.999819644562983
184.4,9.999800676888691
184.5,9.999779714471311
184.6,9.999756547545045
184.7,9.999730944287968
184.8,9.999702648503485
184.9,9.99967137705822
185,9.999636817050755
185.1,9.999598622682944
185.2,9.999556411802674
185.3,9.999509762083571
185.4,9.999458206803599
185.5,9.999401230180531
185.6,9.999338262217869
185.7,9.999268673009936
185.8,9.99919176644957
185.9,9.999106773275884
186,9.999012843393128
186.1,9.998909037384488
186.2,9.998794317136765
186.3,9.998667535483154
186.4,9.998527424761809
186.5,9.998372584177234
186.6,9.998201465839989
186.7,9.998012359347333
186.8,9.997803374753454
186.9,9.997572423762271
187,9.997317198959035
187.1,9.997035150878046
187.2,9.996723462683491
187.3,9.996379022217809
187.4,9.99599839114749
187.5,9.995577770909172
187.6,9.995112965129564
187.7,9.994599338160507
187.8,9.994031769335461
187.9,9.993404602515618
188,9.992711590452313
188.1,9.991945833447623
188.2,9.991099711746299
188.3,9.990164811039929
188.4,9.989131840407785
188.5,9.987990541958499
188.6,9.986729591372304
188.7,9.985336488475197
188.8,9.983797436904332
188.9,9.982097211848281
189,9.980219014767359
189.1,9.978144313918497
189.2,9.975852669427294
189.3,9.97332154156828
189.4,9.970526080834999
189.5,9.967438898306526
189.6,9.964029814749708
189.7,9.960265586840698
189.8,9.956109608849879
189.9,9.951521588117592
190,9.946457192661272
190.1,9.940867669307137
190.2,9.934699430842571
190.3,9.927893610852204
190.4,9.920385585147638
190.5,9.912104459046844
190.6,9.902972520227026
190.7,9.892904657490547
190.8,9.881807746577447
190.9,9.869580005165107
191,9.856110320454272
191.1,9.841277554294264
191.2,9.824949832695392
191.3,9.80698382886248
191.4,9.787224051610346
191.5,9.765502154238115
191.6,9.741636282687541
191.7,9.715430486122994
191.8,9.686674217961951
191.9,9.655141960842723
192,9.620593014989941
192.1,9.582771495826295
192.2,9.541406593310398
192.3,9.496213152098106
192.4,9.446892637865579
192.5,9.393134560506812
192.6,9.334618428796542
192.7,9.271016312707735
192.8,9.20199608795604
192.9,9.127225431444698
193,9.046376624938846
193.1,8.959132206329134
193.2,8.865191482158908
193.3,8.764277880837867
193.4,8.656147082735947
193.5,8.540595811388771
193.6,8.417471110501722
193.7,8.286679866587365
193.8,8.148198270475355
193.9,8.002080847505326
194,7.848468632073064
194.1,7.687596024352004
194.2,7.519795852725414
194.3,7.345502181439462
194.4,7.165250454331093
194.5,6.979674654615448
194.6,6.789501286426103
194.7,6.595540140600999
194.8,6.39867198524992
194.9,6.199833507291545
195,6.000000008244615
195.1,5.800166509280142
195.2,5.601328031570137
195.3,5.404459876635771
195.4,5.210498731399893
195.5,5.020325363978235
195.6,4.834749565216262
195.7,4.654497839257255
195.8,4.480204169327808
195.9,4.312403999278438
196,4.151531393371147
196.1,3.997919180007215
196.2,3.851801759380918
196.3,3.713320165911451
196.4,3.582528924964898
196.5,3.459404227400649
196.6,3.343852959764421
196.7,3.235722165798846
196.8,3.134808569080902
196.9,3.040867850026599
197,2.953623437096859
197.1,2.872774636891808
197.2,2.798003987365224
197.3,2.72898377035213
197.4,2.665381662833214
197.5,2.606865540609911
197.6,2.55310747375009
197.7,2.503786971133612
197.8,2.458593542770714
197.9,2.417228654466156
198,2.379407151018035
198.1,2.344858222542224
198.2,2.313325984635353
198.3,2.284569737714329
198.4,2.258363964630042
198.5,2.234498119034967
198.6,2.212776250353234
198.7,2.193016504813754
198.8,2.175050536033042
198.9,2.158722853176726
199,2.143890129837381
199.1,2.130420492453871
199.2,2.118192803349198
199.3,2.107095950247612
199.4,2.097028151405094
199.5,2.087896283201153
199.6,2.079615235144894
199.7,2.072107295694627
199.8,2.065301571031577
199.9,2.059133437921412
200,2.053544031003185
200.1,2.048479764229608
200.2,2.043891885714796
200.3,2.039736064899539
200.4,2.035972010697243
200.5,2.032563119116801
200.6,2.029476148755721
200.7,2.026680922504293
200.8,2.02415005378835
200.9,2.02185869569502
201,2.019784311365188
201.1,2.017906464092263
201.2,2.016206625634157
201.3,2.014668001320364
201.4,2.01327537061556
201.5,2.012014941882724
201.6,2.010874220170697
201.7,2.009841886931841
201.8,2.008907690653973
201.9,2.008062347466451
202,2.007297450852397
202.1,2.006605389667529
202.2,2.005979273730494
202.3,2.005412866310057
202.4,2.00490052289093
202.5,2.004437135652525
202.6,2.004018083143615
202.7,2.003639184680903
202.8,2.003296659041096
202.9,2.002987087054346
203,2.00270737774214
203.1,2.002454737675023
203.2,2.002226643255198
203.3,2.002020815656211
203.4,2.001835198176746
203.5,2.001667935788365
203.6,2.001517356677728
203.7,2.001381955602916
203.8,2.001260378900816
203.9,2.001151410998401
204,2.001053962295283
204.1,2.000967058298219
204.2,2.000889829900382
204.3,2.000821504709419
204.4,2.00076139933857
204.5,2.000708912584543
204.6,2.000663519424559
204.7,2.000624765773088
204.8,2.000592263946194
204.9,2.00056568878853
205,2.000544774424429
205.1,2.000529311600853
205.2,2.000519145595715
205.3,2.000514174670776
205.4,2.000514349053684
205.5,2.00051967043896
205.6,2.000530192002921
205.7,2.000546018932612
205.8,2.00056730947387
205.9,2.000594276508883
206,2.000627189678728
206.1,2.000666378071846
206.2,2.000712233504916
206.3,2.000765214428506
206.4,2.000825850495894
206.5,2.000894747840067
206.6,2.000972595110692
206.7,2.001060170330349
206.8,2.001158348637182
206.9,2.0012681109897
207,2.001390553918684
207.1,2.001526900421174
207.2,2.001678512102359
207.3,2.00184690268292
207.4,2.002033753002278
207.5,2.002240927661968
207.6,2.002470493468647
207.7,2.002724739852521
207.8,2.003006201454949
207.9,2.003317683098279
208,2.003662287371986
208.1,2.004043445091874
208.2,2.004464948913625
208.3,2.004930990408354
208.4,2.005446200936249
208.5,2.006015696684604
208.6,2.006645128269027
208.7,2.007340735330814
208.8,2.008109406599715
208.9,2.008958745929212
209,2.009897144850761
209.1,2.010933862233909
209.2,2.0120791116802
209.3,2.013344157319627
209.4,2.014741418718212
209.5,2.01628458564285
209.6,2.017988743463193
209.7,2.019870509998396
209.8,2.021948184636189
209.9,2.024241910560209
210,2.026773850914955
210.1,2.029568379711443
210.2,2.032652288225236
210.3,2.036055007555083
210.4,2.039808847886941
210.5,2.043949254835188
210.6,2.048515082998897
210.7,2.05354888656325
210.8,2.059097226379124
210.9,2.065210992450459
211,2.071945740129663
211.1,2.079362037544525
211.2,2.087525820832523
211.3,2.096508752615486
211.4,2.106388577784086
211.5,2.117249469053658
211.6,2.129182352878681
211.7,2.142285204157034
211.8,2.156663295709547
211.9,2.172429385791431
212,2.189703823905272
212.1,2.208614551991309
212.2,2.229296974755016
212.3,2.251893669583286
212.4,2.276553903380043
212.5,2.303432920964902
212.6,2.332690967739372
212.7,2.364492008526005
212.8,2.399002105294257
212.9,2.436387419436297
213,2.476811809928306
213.1,2.520434007697244
213.2,2.56740435935598
213.3,2.617861150595317
213.4,2.671926541135991
213.5,2.729702169125022
213.6,2.791264512632808
213.7,2.856660128333648
213.8,2.925900920750106
213.9,2.998959627155916
214,3.075765730302352
214.1,3.156202030056962
214.2,3.240102112187019
214.3,3.327248944532575
214.4,3.417374805142157
214.5,3.510162702378725
214.6,3.605249384149253
214.7,3.702229955011512
214.8,3.800664030890089
214.9,3.900083268307661
215,4.00000001648923
215.1,4.099916764835854
215.2,4.199336002750168
215.3,4.297770079462168
215.4,4.394750651502874
215.5,4.489837334808641
215.6,4.582625233952683
215.7,4.672751096860988
215.8,4.759897931919548
215.9,4.84379801720404
216,4.924234320586068
216.1,5.001040427869276
216.2,5.074099138962544
216.3,5.143339936664082
216.4,5.208735558300525
216.5,5.270297908453818
216.6,5.328073543864829
216.7,5.38213894267818
216.8,5.432595743123706
216.9,5.479566105014282
217,5.523188314143104
217.1,5.563612717236769
217.2,5.600998045348325
217.3,5.635508157593771
217.4,5.667309215520181
217.5,5.696567281268544
217.6,5.723446319851333
217.7,5.748106576880186
217.8,5.770703297407238
217.9,5.791385748593621
218,5.810296508110683
218.1,5.827570980978486
218.2,5.843337109485083
218.3,5.857715243517632
218.4,5.870818141756498
218.5,5.882751077492507
218.6,5.893612026143086
218.7,5.903491914736998
218.8,5.912474916624356
218.9,5.920638777397465
219,5.928055160453646
219.1,5.93479000278751
219.2,5.940903873474174
219.3,5.946452328913078
219.4,5.951486260265348
219.5,5.956052229660806
219.6,5.960192792698131
219.7,5.963946805538585
219.8,5.967349715523065
219.9,5.970433834745663
220,5.973228596413967
220.1,5.975760794134197
220.2,5.978054804493165
220.3,5.980132793482083
220.4,5.982014907430714
220.5,5.983719449203807
220.6,5.985263040463235
220.7,5.986660770825522
220.8,5.987926334751093
220.9,5.989072156993132
221,5.990109507414338
221.1,5.991048605951884
221.2,5.99189871847727
221.3,5.992668244260315
221.4,5.993364795706708
221.5,5.993995270997852
221.6,5.994565920220726
221.7,5.995082405535198
221.8,5.995549855886936
221.9,5.995972916736288
222,5.996355795237449
222.1,5.996702301268027
222.2,5.997015884676981
222.3,5.997299669088627
222.4,5.997556482572362
222.5,5.997788885461448
222.6,5.997999195579959
222.7,5.998189511114532
222.8,5.998361731346843
222.9,5.998517575443642
223,5.998658599483704
223.1,5.998786211884933
223.2,5.998901687380171
223.3,5.999006179676792
223.4,5.99910073292283
223.5,5.999186292091198
223.6,5.999263712383252
223.7,5.999333767743714
223.8,5.999397158570331
223.9,5.999454518694024
224,5.999506421698193
224.1,5.999553386639438
224.2,5.999595883226162
224.3,5.999634336506239
224.4,5.999669131110111
224.5,5.999700615091363
224.6,5.999729103402827
224.7,5.999754881042752
224.8,5.999778205902254
224.9,5.999799311342347
225,5.999818408526219
225.1,5.999835688529928
225.2,5.999851324252544
225.3,5.999865472144779
225.4,5.999878273773318
225.5,5.999889857236458
225.6,5.999900338445165
225.7,5.999909822282334
225.8,5.999918403651841
225.9,5.999926168427812
226,5.999933194313646
226.1,5.999939551619328
226.2,5.999945303964819
226.3,5.999950508916537
226.4,5.999955218563303
226.5,5.999959480037503
226.6,5.999963335986663
226.7,5.999966825000177
226.8,5.999969981995434
226.9,5.999972838567197
227,5.999975423303766
227.1,5.99997776207305
227.2,5.99997987828141
227.3,5.999981793107896
227.4,5.999983525716182
227.5,5.999985093446345
227.6,5.99998651198838
227.7,5.999987795539233
227.8,5.999988956944861
227.9,5.999990007828799
228,5.999990958708484
228.1,5.999991819100499
228.2,5.999992597615826
228.3,5.999993302046018
228.4,5.999993939441171
228.5,5.999994516180492
228.6,5.999995038036131
228.7,5.999995510230951
228.8,5.999995937490808
228.9,5.999996324091831
229,5.99999667390323
229.1,5.99999699042602
229.2,5.999997276828049
229.3,5.999997535975713
229.4,5.99999777046264
229.5,5.999997982635646
229.6,5.999998174618221
229.7,5.999998348331788
229.8,5.999998505514924
229.9,5.999998647740768
230,5.99999877643276
230.1,5.999998892878894
230.2,5.999998998244593
230.3,5.999999093584399
230.4,5.999999179852496
230.5,5.999999257912288
230.6,5.99999932854502
230.7,5.999999392457608
230.8,5.999999450289711
230.9,5.999999502620131
231,5.999999549972608
231.1,5.99999959282106
231.2,5.99999963159433
231.3,5.999999666680475
231.4,5.999999698430647
231.5,5.99999972716261
231.6,5.999999753163926
231.7,5.999999776694824
231.8,5.999999797990808
231.9,5.999999817265018
232,5.999999834710354
232.1,5.999999850501417
232.2,5.999999864796248
232.3,5.999999877737914
232.4,5.999999889455941
232.5,5.999999900067605
232.6,5.999999909679114
232.7,5.999999918386659
232.8,5.999999926277391
232.9,5.999999933430284
233,5.999999939916923
233.1,5.99999994580223
233.2,5.999999951145108
233.3,5.999999955999031
233.4,5.999999960412576
233.5,5.999999964429919
233.6,5.999999968091263
233.7,5.999999971433254
233.8,5.999999974489338
233.9,5.999999977290105
234,5.999999979863582
234.1,5.999999982235528
234.2,5.999999984429681
234.3,5.999999986468001
234.4,5.999999988370889
234.5,5.999999990157387
234.6,5.999999991845378
234.7,5.999999993451754
234.8,5.999999994992595
234.9,5.999999996483319
235,5.999999997938846
235.1,5.999999999373746
235.2,6.000000000802377
235.3,6.000000002239038
235.4,6.000000003698109
235.5,6.000000005194192
235.6,6.00000000674226
235.7,6.000000008357807
235.8,6.000000010057001
235.9,6.00000001185685
236,6.000000013775365
236.1,6.000000015831749
236.2,6.000000018046582
236.3,6.000000020442032
236.4,6.000000023042073
236.5,6.000000025872727
236.6,6.000000028962322
236.7,6.000000032341783
236.8,6.000000036044932
236.9,6.000000040108831
237,6.000000044574151
237.1,6.000000049485585
237.2,6.000000054892287
237.3,6.00000006084837
237.4,6.000000067413444
237.5,6.000000074653213
237.6,6.000000082640137
237.7,6.000000091454152
237.8,6.000000101183471
237.9,6.000000111925467
238,6.000000123787651
238.1,6.000000136888744
238.2,6.000000151359864
238.3,6.000000167345845
238.4,6.000000185006679
238.5,6.000000204519121
238.6,6.00000022607846
238.7,6.000000249900467
238.8,6.000000276223561
238.9,6.000000305311192
239,6.00000033745448
239.1,6.000000372975125
239.2,6.000000412228629
239.3,6.000000455607853
239.4,6.000000503546953
239.5,6.000000556525716
239.6,6.000000615074374
239.7,6.000000679778897
239.8,6.000000751286872
239.9,6.000000830313973
240,6.000000917651128
240.1,6.000001014172437
240.2,6.000001120843914
240.3,6.00000123873316
240.4,6.000001369020048
240.5,6.000001513008531
240.6,6.000001672139688
240.7,6.000001848006154
240.8,6.000002042368052
240.9,6.000002257170614
241,6.000002494563647
241.1,6.000002756923048
241.2,6.000003046874587
241.3,6.000003367320176
241.4,6.000003721466924
241.5,6.000004112859225
241.6,6.000004545414233
241.7,6.000005023461068
241.8,6.000005551784136
241.9,6.000006135671016
242,6.000006780965375
242.1,6.000007494125454
242.2,6.000008282288696
242.3,6.000009153343177
242.4,6.000010116006552
242.5,6.000011179913293
242.6,6.000012355711108
242.7,6.000013655167502
242.8,6.000015091287527
242.9,6.000016678443945
243,6.000018432521041
243.1,6.000020371073592
243.2,6.000022513502526
243.3,6.000024881249073
243.4,6.000027498009306
243.5,6.000030389971265
243.6,6.000033586076998
243.7,6.00003711831215
243.8,6.000041022026012
243.9,6.000045336285199
244,6.000050104264527
244.1,6.000055373678966
244.2,6.000061197261006
244.3,6.000067633288197
244.4,6.000074746166137
244.5,6.000082607072726
244.6,6.000091294670143
244.7,6.00010089589161
244.8,6.000111506810851
244.9,6.00012323360288
245,6.000136193605734
245.1,6.000150516493713
245.2,6.000166345573862
245.3,6.000183839218573
245.4,6.000203172448609
245.5,6.000224538682304
245.6,6.00024815166835
245.7,6.000274247621371
245.8,6.000303087581555
245.9,6.000334960021736
246,6.000370183727821
246.1,6.000409110981114
246.2,6.000452131074066
246.3,6.00049967419423
246.4,6.000552215714798
246.5,6.000610280934082
246.6,6.000674450310624
246.7,6.000745365245449
246.8,6.000823734468242
246.9,6.000910341090031
247,6.001006050391349
247.1,6.001111818421833
247.2,6.001228701494917
247.3,6.001357866669684
247.4,6.001500603321205
247.5,6.00165833591074
247.6,6.001832638078276
247.7,6.002025248191874
247.8,6.002238086501487
247.9,6.002473274059175
248,6.002733153583184
248.1,6.00302031246024
248.2,6.003337608098566
248.3,6.003688195863818
248.4,6.004075559851274
248.5,6.004503546770199
248.6,6.004976403240513
248.7,6.00549881682747
248.8,6.006075961167141
248.9,6.006713545563821
249,6.007417869469897
249.1,6.008195882289027
249.2,6.00905524897412
249.3,6.010004421922234
249.4,6.011052719698304
249.5,6.012210413147684
249.6,6.01348881948282
249.7,6.014900404950168
249.8,6.016458896698349
249.9,6.01817940447475
250,6.020078552772852
250.1,6.022174624032844
250.2,6.024487713459479
250.3,6.027039895958542
250.4,6.029855405600712
250.5,6.032960827891777
250.6,6.036385304952821
250.7,6.040160753482994
250.8,6.044322095079819
250.9,6.048907498114322
251,6.053958629886274
251.1,6.059520917202233
251.2,6.065643812808392
251.3,6.072381064253007
251.4,6.079790980730597
251.5,6.087936692254068
251.6,6.096886394095352
251.7,6.106713567817909
251.8,6.117497168390295
251.9,6.129321764823259
252,6.142277619532701
252.1,6.156460689235256
252.2,6.171972527696609
252.3,6.188920068170992
252.4,6.207415261030041
252.5,6.22757454006373
252.6,6.249518089481772
252.7,6.273368883044572
252.8,6.299251467359058
252.9,6.327290463586841
253,6.357608766066353
253.1,6.390325423089001
253.2,6.42555319470147
253.3,6.463395795250609
253.4,6.503944844598229
253.5,6.547276571419069
253.6,6.593448334324266
253.7,6.642495050872332
253.8,6.694425649502953
253.9,6.74921968321465
254,6.806824264109985
254.1,6.867151492125002
254.2,6.930076556617173
254.3,6.995436683495509
254.4,7.063031081322618
254.5,7.132622006394437
254.6,7.203937019662661
254.7,7.276672449565035
254.8,7.350498008062575
254.9,7.425062437563184
255,7.5
255.1,7.574937562436837
255.2,7.649501991937447
255.3,7.723327550434986
255.4,7.79606298033736
255.5,7.867377993605563
255.6,7.936968918677402
255.7,8.004563316504509
255.8,8.069923443382844
255.9,8.132848507875016
256,8.193175735890016
256.1,8.250780316785367
256.2,8.305574350497047
256.3,8.357504949127682
256.4,8.406551665675762
256.5,8.452723428580931
256.6,8.496055155401784
256.7,8.536604204749391
256.8,8.574446805298541
256.9,8.609674576911019
257,8.642391233933647
257.1,8.672709536413167
257.2,8.700748532640942
257.3,8.726631116955435
257.4,8.750481910518241
257.5,8.772425459936269
257.6,8.792584738969964
257.7,8.811079931829008
257.8,8.828027472303395
257.9,8.843539310764752
258,8.857722380467299
258.1,8.870678235176744
258.2,8.882502831609706
258.3,8.893286432182093
258.4,8.903113605904652
258.5,8.912063307745932
258.6,8.920209019269404
258.7,8.927618935746992
258.8,8.934356187191609
258.9,8.940479082797768
259,8.946041370113726
259.1,8.951092501885679
259.2,8.955677904920179
259.3,8.959839246517006
259.4,8.963614695047179
259.5,8.967039172108221
259.6,8.970144594399288
259.7,8.972960104041457
259.8,8.975512286540521
259.9,8.977825375967155
260,8.979921447227145
260.1,8.981820595525248
260.2,8.983541103301649
260.3,8.98509959504983
260.4,8.986511180517176
260.5,8.987789586852312
260.6,8.988947280301693
260.7,8.98999557807776
260.8,8.990944751025875
260.9,8.991804117710966
261,8.992582130530096
261.1,8.993286454436172
261.2,8.99392403883285
261.3,8.994501183172522
261.4,8.995023596759477
261.5,8.995496453229789
261.6,8.995924440148713
261.7,8.996311804136168
261.8,8.99666239190142
261.9,8.996979687539744
262,8.997266846416798
262.1,8.997526725940805
262.2,8.99776191349849
262.3,8.997974751808101
262.4,8.998167361921697
262.5,8.99834166408923
262.6,8.998499396678762
262.7,8.998642133330279
262.8,8.998771298505041
262.9,8.998888181578121
263,8.9989939496086
263.1,8.999089658909913
263.2,8.999176265531695
263.3,8.999254634754482
263.4,8.999325549689299
263.5,8.999389719065835
263.6,8.99944778428511
263.7,8.999500325805668
263.8,8.99954786892582
263.9,8.999590889018762
264,8.999629816272041
264.1,8.999665039978112
264.2,8.999696912418276
264.3,8.999725752378444
264.4,8.999751848331446
264.5,8.999775461317469
264.6,8.99979682755114
264.7,8.999816160781149
264.8,8.999833654425831
264.9,8.999849483505947
265,8.999863806393893
265.1,8.999876766396707
265.2,8.999888493188692
265.3,8.999899104107884
265.4,8.999908705329299
265.5,8.999917392926656
265.6,8.999925253833181
265.7,8.999932366711048
265.8,8.999938802738161
265.9,8.999944626320113
266,8.999949895734456
266.1,8.999954663713677
266.2,8.999958977972746
266.3,8.999962881686477
266.4,8.999966413921484
266.5,8.999969610027058
266.6,8.999972501988841
266.7,8.999975118748878
266.8,8.999977486495208
266.9,8.999979628923906
267,8.999981567476194
267.1,8.999983321553
267.2,8.999984908709095
267.3,8.999986344828766
267.4,8.999987644284765
267.5,8.999988820082148
267.6,8.999989883988409
267.7,8.999990846651254
267.8,8.99999171770515
267.9,8.999992505867743
268,8.999993219027106
268.1,8.999993864320675
268.2,8.999994448206682
268.3,8.999994976528784
268.4,8.999995454574551
268.5,8.999995887128378
268.6,8.999996278519376
268.7,8.999996632664685
268.8,8.999996953108681
268.9,8.999997243058459
269,8.999997505415916
269.1,8.999997742806801
269.2,8.999997957606988
269.3,8.99999815196626
269.4,8.999998327829825
269.5,8.999998486957775
269.6,8.999998630942715
269.7,8.999998761225687
269.8,8.999998879110606
269.9,8.999998985777298
270,8.99999908229332
270.1,8.999999169624633
270.2,8.999999248645278
270.3,8.999999320146117
270.4,8.999999384842754
270.5,8.999999443382695
270.6,8.999999496351826
270.7,8.999999544280278
270.8,8.999999587647739
270.9,8.99999962688824
271,8.999999662394513
271.1,8.99999969452192
271.2,8.999999723592001
271.3,8.999999749895697
271.4,8.999999773696267
271.5,8.999999795231913
271.6,8.999999814718171
271.7,8.999999832350067
271.8,8.999999848304068
271.9,8.999999862739843
272,8.999999875801873
272.1,8.999999887620888
272.2,8.999999898315174
272.3,8.999999907991764
272.4,8.999999916747505
272.5,8.999999924670027
272.6,8.999999931838621
272.7,8.999999938325034
272.8,8.999999944194183
272.9,8.999999949504808
273,8.999999954310061
273.1,8.999999958658034
273.2,8.999999962592241
273.3,8.99999996615206
273.4,8.999999969373118
273.5,8.99999997228765
273.6,8.99999997492483
273.7,8.999999977311049
273.8,8.999999979470187
273.9,8.999999981423857
274,8.999999983191611
274.1,8.99999998479114
274.2,8.999999986238455
274.3,8.999999987548039
274.4,8.999999988733
274.5,8.999999989805197
274.6,8.999999990775361
274.7,8.999999991653201
274.8,8.999999992447504
274.9,8.99999999316622
275,8.999999993816539
275.1,8.999999994404973
275.2,8.999999994937411
275.3,8.999999995419181
275.4,8.999999995855102
275.5,8.999999996249542
275.6,8.999999996606444
275.7,8.999999996929384
275.8,8.999999997221591
275.9,8.999999997485993
276,8.999999997725231
276.1,8.999999997941705
276.2,8.999999998137577
276.3,8.999999998314809
276.4,8.999999998475177
276.5,8.999999998620284
276.6,8.99999999875158
276.7,8.999999998870383
276.8,8.999999998977881
276.9,8.999999999075149
277,8.99999999916316
277.1,8.999999999242796
277.2,8.999999999314852
277.3,8.999999999380053
277.4,8.99999999943905
277.5,8.999999999492431
277.6,8.999999999540732
277.7,8.999999999584437
277.8,8.999999999623984
277.9,8.999999999659767
278,8.999999999692143
278.1,8.999999999721441
278.2,8.999999999747949
278.3,8.999999999771934
278.4,8.999999999793637
278.5,8.999999999813276
278.6,8.999999999831045
278.7,8.999999999847123
278.8,8.999999999861672
278.9,8.999999999874834
279,8.999999999886747
279.1,8.999999999897524
279.2,8.999999999907276
279.3,8.999999999916099
279.4,8.999999999924084
279.5,8.999999999931308
279.6,8.999999999937845
279.7,8.999999999943761
279.8,8.999999999949111
279.9,8.999999999953953
280,8.999999999958336
280.1,8.9999999999623
280.2,8.999999999965889
280.3,8.999999999969134
280.4,8.999999999972072
280.5,8.99999999997473
280.6,8.999999999977135
280.7,8.999999999979311
280.8,8.999999999981279
280.9,8.999999999983061
281,8.999999999984674
281.1,8.99999999998613
281.2,8.999999999987452
281.3,8.999999999988646
281.4,8.999999999989726
281.5,8.999999999990703
281.6,8.999999999991587
281.7,8.999999999992388
281.8,8.999999999993113
281.9,8.999999999993769
282,8.999999999994362
282.1,8.999999999994898
282.2,8.999999999995383
282.3,8.999999999995822
282.4,8.99999999999622
282.5,8.999999999996581
282.6,8.999999999996906
282.7,8.9999999999972
282.8,8.999999999997467
282.9,8.999999999997708
283,8.999999999997925
283.1,8.999999999998122
283.2,8.999999999998302
283.3,8.999999999998463
283.4,8.999999999998611
283.5,8.999999999998742
283.6,8.999999999998861
283.7,8.99999999999897
283.8,8.999999999999069
283.9,8.999999999999156
284,8.999999999999236
284.1,8.999999999999309
284.2,8.999999999999375
284.3,8.999999999999435
284.4,8.999999999999488
284.5,8.999999999999538
284.6,8.999999999999581
284.7,8.999999999999622
284.8,8.999999999999657
284.9,8.999999999999689
285,8.999999999999719
285.1,8.999999999999746
285.2,8.999999999999771
285.3,8.999999999999792
285.4,8.999999999999812
285.5,8.999999999999829
285.6,8.999999999999847
285.7,8.999999999999861
285.8,8.999999999999874
285.9,8.999999999999886
286,8.999999999999897
286.1,8.999999999999908
286.2,8.999999999999915
286.3,8.999999999999924
286.4,8.999999999999931
286.5,8.999999999999938
286.6,8.999999999999943
286.7,8.999999999999948
286.8,8.999999999999954
286.9,8.999999999999957
287,8.999999999999963
287.1,8.999999999999964
287.2,8.999999999999968
287.3,8.999999999999972
287.4,8.999999999999975
287.5,8.999999999999977
287.6,8.999999999999979
287.7,8.999999999999982
287.8,8.999999999999982
287.9,8.999999999999986
288,8.999999999999986
288.1,8.999999999999988
288.2,8.999999999999989
288.3,8.999999999999989
288.4,8.999999999999991
288.5,8.999999999999991
288.6,8.999999999999993
288.7,8.999999999999993
288.8,8.999999999999995
288.9,8.999999999999995
289,8.999999999999995
289.1,8.999999999999996
289.2,8.999999999999996
289.3,8.999999999999996
289.4,8.999999999999996
289.5,8.999999999999996
289.6,8.999999999999996
289.7,8.999999999999996
289.8,8.999999999999998
289.9,8.999999999999998
290,8.999999999999998
290.1,8.999999999999998
290.2,8.999999999999998
290.3,8.999999999999998
290.4,8.999999999999998
290.5,8.999999999999998
290.6,8.999999999999998
290.7,9
290.8,9
290.9,9
291,9
291.1,9
291.2,9
291.3,9
291.4,9
291.5,9
291.6,9
291.7,9
291.8,9
291.9,9
292,9
292.1,9
292.2,9
292.3,9
292.4,9
292.5,9
292.6,9
292.7,9
292.8,9
292.9,9
293,9
293.1,9
293.2,9
293.3,9
293.4,9
293.5,9
293.6,9
293.7,9
293.8,9
293.9,9
294,9
294.1,9
294.2,9
294.3,9
294.4,9
294.5,9
294.6,9
294.7,9
294.8,9
294.9,9
295,9
295.1,9
295.2,9
295.3,9
295.4,9
295.5,9
295.6,9
295.7,9
295.8,9
295.9,9
296,9
296.1,9
296.2,9
296.3,9
296.4,9
296.5,9
296.6,9
296.7,9
296.8,9
296.9,9
297,9
297.1,9
297.2,9
297.3,9
297.4,9
297.5,9
297.6,9
297.7,9
297.8,9
297.9,9
298,9
298.1,9
298.2,9
298.3,9
298.4,9
298.5,9
298.6,9
298.7,9
298.8,9
298.9,9
299,9
299.1,9
299.2,9
299.3,9
299.4,9
299.5,9
299.6,9
299.7,9
299.8,9
299.9,9
300,9
